Class,x1,y1,z1,x2,y2,z2,x3,y3,z3,x4,y4,z4,x5,y5,z5,x6,y6,z6,x7,y7,z7,x8,y8,z8,x9,y9,z9,x10,y10,z10
Right,-0.9007633587786260,23.083969465648900,-9.381679389312980,-2.16793893129771,1.5114503816793900,17.045801526717600,-9.145038167938930,1.0610687022900800,3.66412213740458,-5.801526717557250,49.343511450381700,3.7099236641221400,-28.106870229007600,250.12977099236600,24.114503816793900,-40.05343511450380,250.12977099236600,59.35114503816790,-17.603053435114500,63.06106870229010,15.603053435114500,15.763358778626000,-123.62595419847300,-40.82442748091600,18.549618320610700,-205.3206106870230,-53.74045801526720,15.030534351145000,-216.6946564885500,-46.00763358778630
Left,-0.366412213740458,20.549618320610700,-11.251908396946600,-2.2748091603053400,12.396946564885500,-11.992366412213700,-4.908396946564890,-7.221374045801530,-16.709923664122100,1.4885496183206100,-178.21374045801500,-22.480916030534400,-36.770992366412200,-114.06106870229000,-9.381679389312980,-23.770992366412200,2.0916030534351100,-13.83969465648860,1.5114503816793900,220.65648854961800,2.1068702290076300,-34.6412213740458,250.12977099236600,32.770992366412200,-9.778625954198470,154.23664122137400,12.0,3.9923664122137400,-29.85496183206110,-5.877862595419850
NoMove,-1.0610687022900800,19.404580152671800,-8.374045801526720,-0.7938931297709920,18.732824427480900,-8.19083969465649,-1.4809160305343500,18.671755725190800,-8.412213740458010,-0.6412213740458020,18.572519083969500,-9.564885496183210,-0.7404580152671760,19.3206106870229,-5.916030534351150,-0.8473282442748090,18.51145038167940,-8.610687022900760,-0.9389312977099240,17.99236641221370,-9.290076335877860,-0.8244274809160310,19.267175572519100,-8.045801526717560,-1.1984732824427500,18.69465648854960,-8.488549618320610,-0.31297709923664100,20.12213740458020,-8.916030534351150
Right,-1.717557251908400,16.85496183206110,-7.8396946564885500,-1.0610687022900800,16.549618320610700,-4.519083969465650,-7.198473282442750,79.6793893129771,10.86259541984730,-21.229007633587800,226.95419847328200,43.908396946564900,-37.908396946564900,250.12977099236600,60.55725190839700,-8.702290076335880,33.05343511450380,-0.42748091603053400,16.091603053435100,-101.14503816793900,-39.083969465648900,34.74045801526720,-250.13740458015300,-80.41984732824430,25.213740458015300,-250.13740458015300,-48.465648854961800,2.0381679389313000,-0.9923664122137400,-20.068702290076300
Left,1.0916030534351100,24.893129770992400,-13.076335877862600,-3.801526717557250,41.86259541984730,-5.412213740458020,-3.931297709923660,47.74809160305340,-12.664122137404600,1.702290076335880,-146.6259541984730,-28.572519083969500,-38.80916030534350,-218.2824427480920,-19.549618320610700,-40.57251908396950,-37.42748091603050,-17.53435114503820,24.85496183206110,161.4351145038170,-5.297709923664120,-33.969465648855000,250.12977099236600,51.9236641221374,-13.221374045801500,174.0381679389310,21.82442748091600,5.625954198473280,-64.10687022900760,-7.6183206106870200
NoMove,-1.2366412213740500,19.236641221374000,-7.595419847328250,-0.7022900763358780,19.85496183206110,-8.679389312977100,-1.8549618320610700,18.099236641221400,-9.053435114503820,-1.0916030534351100,19.297709923664100,-9.076335877862600,-1.1145038167938900,17.541984732824400,-8.068702290076340,-0.9923664122137400,19.80916030534350,-8.580152671755730,-0.8549618320610690,18.053435114503800,-9.13740458015267,-1.1068702290076300,18.427480916030500,-7.786259541984730,-1.2061068702290100,18.389312977099200,-8.404580152671760,-0.9847328244274810,18.946564885496200,-8.15267175572519
Left,-0.2900763358778630,22.47328244274810,-8.694656488549620,-1.0076335877862600,26.80916030534350,-10.748091603053400,-4.458015267175570,56.06106870229010,-10.816793893129800,6.450381679389310,-101.53435114503800,-17.610687022900800,-29.633587786259500,-188.18320610687000,-19.198473282442700,-55.030534351145000,-53.221374045801500,-20.549618320610700,-17.14503816793890,-1.6946564885496200,-8.320610687022900,23.19083969465650,250.12977099236600,0.5114503816793890,-25.251908396946600,250.12977099236600,35.412213740458000,-3.5419847328244300,96.2442748091603,7.778625954198470
Right,-1.2213740458015300,16.366412213740500,-9.351145038167940,-0.5190839694656490,12.458015267175600,-7.2748091603053400,0.3435114503816790,22.641221374045800,-2.9236641221374000,0.9236641221374050,75.05343511450380,20.366412213740500,-14.98473282442750,250.12977099236600,69.0,-48.47328244274810,250.12977099236600,67.67175572519080,-16.984732824427500,15.885496183206100,0.6717557251908400,13.977099236641200,-107.70229007633600,-35.06106870229010,14.977099236641200,-250.13740458015300,-93.89312977099240,34.786259541984700,-250.13740458015300,-64.09923664122140
NoMove,-1.450381679389310,21.85496183206110,-9.374045801526720,-1.1603053435114500,18.427480916030500,-8.664122137404580,-1.2595419847328200,19.022900763358800,-3.5343511450381700,-1.7709923664122100,14.381679389313000,2.4580152671755700,-0.31297709923664100,14.251908396946600,2.8244274809160300,-0.22900763358778600,15.48091603053440,-2.801526717557250,0.29770992366412200,21.610687022900800,-10.633587786259500,-0.26717557251908400,23.603053435114500,-14.091603053435100,-0.732824427480916,21.984732824427500,-10.587786259542000,0.3053435114503820,23.541984732824400,-10.13740458015270
Right,-3.1297709923664100,17.282442748091600,-8.061068702290080,-1.3358778625954200,15.0,-8.595419847328250,-3.5114503816793900,52.396946564885500,-5.809160305343510,-21.30534351145040,250.12977099236600,56.62595419847330,-47.32824427480920,250.12977099236600,69.3587786259542,-12.541984732824400,67.41984732824430,11.49618320610690,20.198473282442700,-178.3587786259540,-49.99236641221370,34.17557251908400,-250.13740458015300,-94.4885496183206,18.6793893129771,-250.13740458015300,-45.05343511450380,-1.984732824427480,44.31297709923660,-15.259541984732800
Left,1.015267175572520,31.68702290076340,-7.709923664122140,-6.931297709923670,67.95419847328250,-6.480916030534350,-4.885496183206110,33.88549618320610,-10.885496183206100,0.26717557251908400,-86.35114503816790,-33.70992366412210,-8.0,-250.13740458015300,-37.37404580152670,-64.52671755725190,-99.2824427480916,-28.870229007633600,-10.099236641221400,7.755725190839690,-14.641221374045800,27.595419847328200,179.8854961832060,-1.916030534351150,-15.65648854961830,250.12977099236600,25.435114503816800,-17.50381679389310,163.00763358778600,23.221374045801500
Right,-0.183206106870229,17.84732824427480,-9.938931297709920,0.16793893129771000,19.290076335877900,-5.557251908396950,-1.3435114503816800,49.76335877862600,2.114503816793890,-14.022900763358800,214.1145038167940,38.45038167938930,-41.81679389312980,250.12977099236600,50.396946564885500,-42.954198473282400,250.12977099236600,67.19847328244280,5.183206106870230,-14.129770992366400,-21.99236641221370,23.114503816793900,-228.46564885496200,-49.99236641221370,42.282442748091600,-250.13740458015300,-76.02290076335880,35.7557251908397,-250.13740458015300,-49.725190839694700
NoMove,-2.5267175572519100,22.587786259542000,-15.458015267175600,0.1450381679389310,24.709923664122100,-16.3206106870229,1.2595419847328200,22.519083969465600,-14.274809160305300,1.7404580152671800,24.16793893129770,-11.091603053435100,-0.2900763358778630,13.450381679389300,-2.0229007633587800,-0.9541984732824430,14.770992366412200,4.068702290076340,-1.618320610687020,16.35114503816790,-2.5267175572519100,-1.3053435114503800,19.96946564885500,-7.679389312977100,-0.7251908396946570,24.923664122137400,-12.389312977099200,0.2824427480916030,23.793893129771000,-13.961832061068700
Left,-3.4580152671755700,16.885496183206100,-9.946564885496180,-5.480916030534350,39.19847328244280,-11.694656488549600,-1.984732824427480,-43.458015267175600,-19.916030534351100,-13.366412213740500,-101.63358778626000,-30.259541984732800,-25.572519083969500,-95.3206106870229,-17.236641221374000,-22.236641221374000,-24.923664122137400,-6.374045801526720,19.083969465648900,125.16030534351100,-10.022900763358800,0.40458015267175600,244.8320610687020,13.16793893129770,-30.30534351145040,218.29007633587800,14.32824427480920,4.778625954198470,-10.427480916030500,-3.6259541984732800
Right,-0.8931297709923670,14.083969465648900,-8.80916030534351,-0.7938931297709920,19.763358778626000,-7.3816793893129800,0.48854961832061100,63.29770992366410,1.0687022900763400,-17.52671755725190,241.3740458015270,38.091603053435100,-39.9236641221374,250.12977099236600,53.98473282442750,-31.213740458015300,250.12977099236600,58.05343511450380,11.259541984732800,-1.297709923664120,-28.33587786259540,26.610687022900800,-250.13740458015300,-49.19083969465650,18.33587786259540,-250.13740458015300,-90.03053435114500,8.366412213740460,-133.10687022900800,-32.732824427480900
Left,4.977099236641220,16.748091603053400,-10.557251908396900,4.816793893129770,25.12213740458020,-6.893129770992370,6.824427480916030,60.7557251908397,-8.16793893129771,8.404580152671760,20.69465648854960,-16.72519083969470,27.64885496183210,-250.13740458015300,-33.61068702290080,-55.19083969465650,-146.48091603053400,-24.61832061068700,-27.87786259541990,-36.33587786259540,-33.847328244274800,17.358778625954200,206.63358778626000,-16.47328244274810,-29.519083969465600,250.12977099236600,8.732824427480920,-15.17557251908400,148.15267175572500,31.923664122137400
NoMove,-0.4198473282442750,19.671755725190800,-8.335877862595420,0.8091603053435120,19.641221374045800,-4.938931297709920,-1.3282442748091600,14.389312977099200,-0.06870229007633590,-4.374045801526720,10.198473282442700,3.3435114503816800,-0.9847328244274810,20.633587786259500,0.8015267175572520,3.5343511450381700,30.900763358778600,-12.320610687022900,3.648854961832060,31.625954198473300,-20.16030534351150,-1.3206106870229000,22.18320610687020,-26.33587786259540,-1.0,13.198473282442700,-5.656488549618320,-3.312977099236640,15.16793893129770,-10.305343511450400
NoMove,-1.0305343511450400,22.0381679389313,-11.725190839694700,-0.22137404580152700,21.0,-10.15267175572520,-0.648854961832061,18.778625954198500,-13.389312977099200,2.282442748091600,11.045801526717600,-3.5877862595419800,15.145038167938900,-3.8396946564885500,12.419847328244300,1.7404580152671800,7.396946564885500,-6.00763358778626,-0.7557251908396950,17.47328244274810,-8.129770992366410,-0.7786259541984730,20.404580152671800,-7.351145038167940,-1.0229007633587800,18.923664122137400,-8.381679389312980,-1.297709923664120,19.16030534351150,-8.267175572519090
NoMove,-1.3053435114503800,19.931297709923700,-9.396946564885500,-2.1374045801526700,29.3206106870229,-10.427480916030500,0.6106870229007630,30.47328244274810,-7.916030534351150,2.83206106870229,19.404580152671800,-4.2748091603053400,-2.099236641221370,12.335877862595400,-5.312977099236640,-2.969465648854960,11.366412213740500,-5.740458015267180,-1.381679389312980,18.00763358778630,-8.297709923664120,-0.030534351145038200,20.3206106870229,-10.603053435114500,0.7709923664122140,28.65648854961830,-9.549618320610690,2.3893129770992400,13.465648854961800,-6.6106870229007600
Left,-2.5877862595419800,17.396946564885500,-11.389312977099200,-3.450381679389310,27.68702290076340,-13.82442748091600,-5.251908396946570,0.7709923664122140,-7.6106870229007600,-0.030534351145038200,26.00763358778630,-10.580152671755700,-10.427480916030500,83.1526717557252,-5.7251908396946600,-4.305343511450380,-19.328244274809200,-7.511450381679390,11.16793893129770,-250.13740458015300,-30.69465648854960,-51.786259541984700,-144.19847328244300,-34.70992366412210,-43.13740458015270,-60.80152671755730,-49.12977099236640,12.427480916030500,66.6030534351145,-21.00763358778630
Right,-0.10687022900763400,18.732824427480900,-8.778625954198470,-1.786259541984730,19.33587786259540,-9.740458015267180,-1.297709923664120,40.465648854961800,-0.9618320610687020,-13.351145038167900,227.04580152671800,26.541984732824400,-39.404580152671800,250.12977099236600,51.213740458015300,-44.45038167938930,250.12977099236600,68.99236641221370,-17.68702290076340,22.3206106870229,-6.412213740458020,22.755725190839700,-62.55725190839700,-29.740458015267200,28.236641221374000,-250.13740458015300,-58.25954198473280,26.954198473282400,-250.13740458015300,-73.03053435114500
Right,-1.7251908396946600,15.007633587786300,-9.618320610687020,0.2824427480916030,54.19083969465650,-2.1374045801526700,-27.34351145038170,250.12977099236600,36.12977099236640,-46.343511450381700,250.12977099236600,59.030534351145000,-26.671755725190800,250.12977099236600,61.770992366412200,10.16793893129770,-3.6412213740458000,-24.908396946564900,29.0,-250.13740458015300,-83.79389312977100,31.549618320610700,-250.13740458015300,-79.8473282442748,11.259541984732800,-168.3053435114500,-31.641221374045800,-5.557251908396950,36.267175572519100,-17.85496183206110
Right,1.9312977099236600,15.694656488549600,-9.702290076335880,0.16030534351145000,20.14503816793890,-6.854961832061070,-4.984732824427480,109.89312977099200,-0.549618320610687,-38.74809160305340,250.12977099236600,36.74809160305340,-40.36641221374050,250.12977099236600,54.87786259541990,-18.267175572519100,248.6793893129770,53.87022900763360,12.068702290076300,-31.27480916030530,-30.900763358778600,32.656488549618300,-250.13740458015300,-78.90076335877860,32.51908396946570,-250.13740458015300,-85.82442748091600,-8.961832061068700,-50.93893129770990,-22.328244274809200
Left,3.1374045801526700,18.015267175572500,-10.641221374045800,1.83206106870229,30.51145038167940,-8.442748091603050,-1.8473282442748100,45.63358778625950,-10.16793893129770,4.534351145038170,2.0381679389313000,-21.16793893129770,7.9541984732824400,-250.13740458015300,-23.129770992366400,-48.6412213740458,-109.82442748091600,-12.236641221374000,-11.320610687022900,-1.0763358778626000,-14.86259541984730,15.877862595419800,101.57251908396900,-17.748091603053400,0.648854961832061,173.33587786259500,12.381679389313000,-36.916030534351100,238.67175572519100,14.366412213740500
Left,1.366412213740460,41.11450381679390,-9.49618320610687,0.22137404580152700,43.35114503816790,-13.129770992366400,29.81679389312980,-234.96946564885500,-23.03053435114500,-6.366412213740460,-192.93129770992400,-3.564885496183210,-46.725190839694700,-56.62595419847330,-42.16030534351150,18.603053435114500,110.10687022900800,-32.57251908396950,-4.015267175572520,250.12977099236600,17.51145038167940,-32.221374045801500,229.4732824427480,28.236641221374000,-15.923664122137400,75.41221374045800,16.419847328244300,0.5114503816793890,-43.541984732824400,-7.33587786259542
Left,2.198473282442750,15.610687022900800,-9.572519083969470,1.9389312977099200,19.229007633587800,-8.183206106870230,6.229007633587790,-30.633587786259500,-14.641221374045800,32.778625954198500,-250.13740458015300,-21.412213740458000,-27.66412213740460,-83.65648854961830,-17.671755725190800,-39.2442748091603,-43.33587786259540,-34.00763358778630,26.27480916030530,138.12213740458000,-26.458015267175600,-7.114503816793890,250.12977099236600,29.419847328244300,-27.549618320610700,222.94656488549600,36.786259541984700,-22.748091603053400,121.92366412213700,15.618320610687000
Right,0.40458015267175600,13.465648854961800,-9.091603053435120,0.9236641221374050,21.00763358778630,-4.1603053435114500,-1.465648854961830,108.61832061068700,13.67175572519080,-28.35114503816790,250.12977099236600,49.80916030534350,-53.69465648854960,250.12977099236600,67.69465648854960,-19.717557251908400,46.70229007633590,4.847328244274810,26.30534351145040,-146.29770992366400,-47.465648854961800,29.251908396946600,-250.13740458015300,-89.92366412213740,17.30534351145040,-250.13740458015300,-59.908396946564900,-6.267175572519080,29.114503816793900,-20.198473282442700
Right,-0.3282442748091600,18.85496183206110,-8.816793893129770,-1.6946564885496200,26.3206106870229,-4.122137404580150,-10.687022900763400,235.68702290076300,22.427480916030500,-42.44274809160310,250.12977099236600,67.02290076335880,-45.17557251908400,250.12977099236600,91.29770992366410,14.022900763358800,-8.694656488549620,-20.946564885496200,39.70229007633590,-250.13740458015300,-58.404580152671800,16.30534351145040,-250.13740458015300,-98.49618320610690,-0.4351145038167940,-45.00763358778630,-30.374045801526700,-0.4351145038167940,53.69465648854960,-11.732824427480900
NoMove,-2.4885496183206100,20.6793893129771,-12.98473282442750,-0.7404580152671760,22.061068702290100,-7.465648854961830,-3.7251908396946600,29.923664122137400,-17.801526717557300,-1.16793893129771,15.86259541984730,-16.96946564885500,2.6259541984732800,21.908396946564900,-4.305343511450380,-5.145038167938930,-0.3053435114503820,-11.511450381679400,-3.717557251908400,17.587786259542000,-11.51908396946570,-4.175572519083970,19.9618320610687,-15.129770992366400,-4.564885496183210,6.305343511450380,-6.3816793893129800,3.2442748091603100,16.83206106870230,-1.1297709923664100
NoMove,-1.3053435114503800,17.541984732824400,-8.664122137404580,-10.374045801526700,29.458015267175600,-11.801526717557300,-3.282442748091600,29.793893129771000,-13.50381679389310,-0.8625954198473280,16.114503816793900,-7.717557251908400,1.4351145038167900,23.458015267175600,-11.931297709923700,13.83206106870230,-17.557251908396900,-3.5343511450381700,-12.19083969465650,19.374045801526700,-6.633587786259540,-1.5954198473282400,22.38167938931300,-8.267175572519090,1.633587786259540,5.267175572519080,-9.389312977099240,1.9236641221374000,17.061068702290100,-8.198473282442750
NoMove,-1.8396946564885500,19.442748091603100,-10.465648854961800,-4.061068702290080,33.404580152671800,-14.022900763358800,-3.366412213740460,20.061068702290100,5.129770992366410,-1.6946564885496200,22.549618320610700,-16.358778625954200,2.519083969465650,0.183206106870229,-4.938931297709920,-2.0839694656488500,20.671755725190800,-9.725190839694660,-2.236641221374050,23.702290076335900,-6.3816793893129800,-0.9694656488549620,11.793893129771000,-10.030534351145000,2.053435114503820,9.778625954198470,-9.030534351145040,1.1908396946564900,15.488549618320600,-8.206106870229010
Left,2.3435114503816800,21.206106870229000,-11.816793893129800,0.45038167938931300,23.229007633587800,-16.69465648854960,5.061068702290080,-214.21374045801500,-25.297709923664100,-51.68702290076340,-162.16030534351100,-19.328244274809200,-41.48854961832060,-53.88549618320610,-35.37404580152670,12.229007633587800,55.06106870229010,-19.49618320610690,18.83206106870230,172.03053435114500,4.0534351145038200,-15.709923664122100,250.12977099236600,27.46564885496180,-22.358778625954200,184.54961832061100,17.977099236641200,-8.381679389312980,136.5114503816790,15.526717557251900
Left,-0.12213740458015300,19.51145038167940,-8.49618320610687,3.5267175572519100,17.580152671755700,-9.114503816793890,23.297709923664100,-163.84732824427500,-24.519083969465600,4.259541984732830,-189.58778625954200,-18.72519083969470,-53.93893129770990,-145.4885496183210,-3.2213740458015300,-32.19083969465650,-5.427480916030530,-28.0381679389313,11.625954198473300,162.50381679389300,-24.14503816793890,1.717557251908400,172.94656488549600,26.16793893129770,-9.48091603053435,178.08396946564900,20.66412213740460,-4.99236641221374,101.93129770992400,13.435114503816800
Right,-1.1603053435114500,15.84732824427480,-9.442748091603050,-1.0458015267175600,21.931297709923700,-4.251908396946570,-0.5419847328244280,100.00763358778600,24.16030534351150,-38.82442748091600,250.12977099236600,54.267175572519100,-40.229007633587800,250.12977099236600,64.19083969465650,-17.366412213740500,62.32824427480920,8.053435114503820,23.763358778626000,-131.59541984732800,-46.01526717557250,14.977099236641200,-250.13740458015300,-74.55725190839700,21.61832061068700,-250.13740458015300,-61.31297709923660,-2.732824427480920,-116.00763358778600,-29.938931297709900
Right,-1.984732824427480,16.572519083969500,-9.50381679389313,1.7786259541984700,17.267175572519100,-6.427480916030530,-6.564885496183210,142.4885496183210,4.473282442748090,-36.16030534351150,250.12977099236600,28.793893129771000,-35.80916030534350,250.12977099236600,60.900763358778600,-26.862595419847300,141.40458015267200,25.9618320610687,20.99236641221370,-47.7557251908397,-33.7557251908397,21.282442748091600,-250.13740458015300,-81.43511450381680,14.80916030534350,-250.13740458015300,-67.43511450381680,-6.0,-29.625954198473300,-24.85496183206110
Right,1.8778625954198500,17.31297709923660,-11.19083969465650,2.2061068702290100,33.465648854961800,-5.122137404580150,-20.69465648854960,231.8854961832060,14.67175572519080,-50.038167938931300,250.12977099236600,75.0381679389313,-49.954198473282400,250.12977099236600,80.95419847328250,25.717557251908400,-42.038167938931300,-28.442748091603100,21.580152671755700,-250.13740458015300,-58.80152671755730,29.51145038167940,-250.13740458015300,-83.21374045801530,0.3282442748091600,-68.36641221374050,-27.900763358778600,-2.763358778625950,36.80916030534350,-12.83206106870230
Left,1.2061068702290100,16.419847328244300,-10.51908396946570,3.015267175572520,23.34351145038170,-8.106870229007630,-4.419847328244280,-139.08396946564900,-22.99236641221370,-30.198473282442700,-117.54198473282400,-26.404580152671800,-56.152671755725200,-86.3587786259542,-2.015267175572520,-16.282442748091600,4.870229007633590,-27.50381679389310,31.870229007633600,181.6030534351150,-17.732824427480900,-2.4198473282442700,250.12977099236600,32.14503816793890,-22.793893129771000,150.6793893129770,8.816793893129770,-2.5114503816793900,21.114503816793900,-3.648854961832060
Left,2.633587786259540,21.885496183206100,-6.290076335877860,6.412213740458020,23.84732824427480,-2.618320610687020,21.801526717557300,-105.38931297709900,-19.076335877862600,9.725190839694660,-250.13740458015300,-32.38931297709920,-50.47328244274810,-71.32824427480920,-29.297709923664100,-9.770992366412210,49.274809160305300,-21.198473282442700,14.274809160305300,244.0,2.6793893129771000,-26.610687022900800,250.12977099236600,28.38167938931300,-12.15267175572520,39.229007633587800,11.320610687022900,-4.656488549618320,-35.6412213740458,-7.480916030534350
NoMove,1.0610687022900800,9.198473282442750,-12.129770992366400,2.877862595419850,3.015267175572520,-10.022900763358800,4.312977099236640,1.4885496183206100,-17.0381679389313,2.5877862595419800,-6.816793893129770,-13.65648854961830,-1.7633587786259500,0.3511450381679390,-1.5038167938931300,-0.25190839694656500,21.51145038167940,-7.4961832061068700,1.3511450381679400,17.396946564885500,-6.625954198473280,-0.37404580152671800,18.763358778626000,-8.86259541984733,-0.9007633587786260,18.732824427480900,-8.511450381679390,-0.4961832061068700,19.51145038167940,-8.312977099236640
NoMove,-0.9389312977099240,18.229007633587800,-9.34351145038168,-3.954198473282440,28.00763358778630,-15.633587786259500,-5.435114503816790,42.61832061068700,-11.725190839694700,-5.282442748091600,15.16030534351150,9.099236641221370,-2.4732824427480900,24.129770992366400,4.854961832061070,1.381679389312980,26.541984732824400,-25.458015267175600,-2.5114503816793900,9.694656488549620,5.8396946564885500,2.8931297709923700,-7.030534351145040,-5.526717557251910,2.2900763358778600,11.007633587786300,-5.893129770992370,0.21374045801526700,17.717557251908400,-6.908396946564890
NoMove,-0.7251908396946570,16.65648854961830,-9.49618320610687,-0.7938931297709920,18.19083969465650,-8.068702290076340,-0.8854961832061070,19.00763358778630,-8.290076335877860,-1.3969465648855000,20.053435114503800,-8.763358778625960,-1.1908396946564900,19.85496183206110,-8.374045801526720,-0.916030534351145,18.931297709923700,-7.969465648854960,-1.0381679389313000,18.80916030534350,-8.435114503816790,-1.099236641221370,18.778625954198500,-8.49618320610687,-1.0610687022900800,18.389312977099200,-8.442748091603050,-1.0076335877862600,18.53435114503820,-8.664122137404580
NoMove,-0.9236641221374050,17.770992366412200,-8.618320610687020,-0.9236641221374050,18.12213740458020,-8.335877862595420,-1.0763358778626000,19.00763358778630,-8.435114503816790,-1.1221374045801500,18.748091603053400,-8.030534351145040,-0.9694656488549620,18.84732824427480,-8.335877862595420,-1.1068702290076300,19.18320610687020,-8.618320610687020,-1.2290076335877900,21.458015267175600,-8.610687022900760,-1.0458015267175600,19.84732824427480,-8.038167938931300,-1.2595419847328200,19.358778625954200,-8.351145038167940,-0.8702290076335880,18.87786259541990,-8.49618320610687
NoMove,-0.8396946564885500,17.16793893129770,-8.86259541984733,-0.8473282442748090,18.48854961832060,-8.297709923664120,-0.08396946564885500,41.30534351145040,-7.419847328244280,-2.6564885496183200,24.0,-8.351145038167940,-1.1755725190839700,18.65648854961830,-7.2748091603053400,-1.1297709923664100,17.702290076335900,-7.854961832061070,-1.1297709923664100,18.198473282442700,-8.687022900763360,-0.8015267175572520,17.38167938931300,-8.465648854961830,-0.8244274809160310,17.610687022900800,-8.229007633587790,-0.9923664122137400,17.16030534351150,-8.312977099236640
NoMove,-1.549618320610690,12.320610687022900,-8.045801526717560,2.7251908396946600,23.549618320610700,-5.99236641221374,-8.083969465648850,6.083969465648860,-10.274809160305300,-2.786259541984730,2.801526717557250,-15.404580152671800,3.877862595419850,14.854961832061100,-8.488549618320610,1.900763358778630,21.87786259541990,-7.984732824427480,-0.4351145038167940,22.580152671755700,-9.748091603053440,-1.0229007633587800,19.549618320610700,-8.86259541984733,-0.7709923664122140,19.34351145038170,-8.061068702290080,-1.2366412213740500,20.53435114503820,-8.122137404580150
NoMove,-1.5419847328244300,20.12213740458020,-8.13740458015267,-1.9694656488549600,20.137404580152700,-8.732824427480920,-1.0458015267175600,20.419847328244300,-9.053435114503820,0.32061068702290100,20.12213740458020,-7.480916030534350,-1.7938931297709900,17.068702290076300,-8.992366412213740,-1.381679389312980,17.083969465648900,-8.664122137404580,-1.0381679389313000,18.47328244274810,-8.946564885496180,-1.1984732824427500,18.435114503816800,-8.793893129770990,-0.9847328244274810,19.862595419847300,-8.183206106870230,-1.4045801526717600,19.099236641221400,-8.603053435114500
NoMove,-2.3206106870229000,17.82442748091600,-8.641221374045800,0.22137404580152700,18.65648854961830,-9.244274809160310,-0.2748091603053440,19.53435114503820,-10.007633587786300,-0.5343511450381680,17.770992366412200,-9.442748091603050,1.6030534351145000,16.587786259542000,-10.297709923664100,-3.7251908396946600,14.793893129771000,-10.236641221374000,0.20610687022900800,17.549618320610700,-7.6183206106870200,-1.0534351145038200,18.068702290076300,-8.755725190839690,-0.8320610687022900,17.82442748091600,-8.450381679389310,-1.083969465648860,17.35114503816790,-8.335877862595420
NoMove,-0.8854961832061070,20.603053435114500,-8.702290076335880,-0.7404580152671760,21.458015267175600,-6.862595419847330,-1.6641221374045800,5.183206106870230,-0.7404580152671760,-7.076335877862600,5.969465648854960,1.4427480916030500,-6.244274809160310,14.274809160305300,-0.007633587786259540,-2.549618320610690,18.80916030534350,-0.4351145038167940,-2.1374045801526700,14.145038167938900,-1.5038167938931300,-1.3969465648855000,14.717557251908400,-5.442748091603050,-1.7786259541984700,16.68702290076340,-7.091603053435110,-1.0229007633587800,19.6793893129771,-12.312977099236600
NoMove,-1.0687022900763400,18.35114503816790,-8.648854961832060,-0.21374045801526700,20.885496183206100,-7.534351145038170,-0.015267175572519100,18.85496183206110,-9.541984732824430,1.916030534351150,20.290076335877900,-8.030534351145040,-0.13740458015267200,20.0,-8.229007633587790,-1.083969465648860,17.557251908396900,-8.65648854961832,-1.0916030534351100,19.19083969465650,-7.931297709923670,-1.2900763358778600,19.068702290076300,-8.618320610687020,-1.1374045801526700,18.84732824427480,-8.65648854961832,-1.099236641221370,18.213740458015300,-8.908396946564890
Right,-1.4809160305343500,18.53435114503820,-8.282442748091600,-1.4122137404580200,22.610687022900800,-8.0,-5.67175572519084,41.725190839694700,0.5267175572519080,-38.32824427480920,193.65648854961800,23.778625954198500,-46.43511450381680,250.12977099236600,29.091603053435100,-16.65648854961830,250.12977099236600,68.26717557251910,-0.8015267175572520,99.79389312977100,9.267175572519090,13.061068702290100,-174.8320610687020,-37.587786259542000,23.862595419847300,-250.13740458015300,-67.0381679389313,46.93129770992370,-250.13740458015300,-56.603053435114500
Right,-2.564885496183210,16.66412213740460,-9.541984732824430,-0.8778625954198470,13.82442748091600,-8.98473282442748,-4.938931297709920,31.72519083969470,-4.572519083969470,-59.916030534351100,250.12977099236600,35.961832061068700,-37.23664122137400,250.12977099236600,63.25190839694660,-20.221374045801500,250.12977099236600,43.74809160305340,0.3969465648854960,-9.755725190839690,-19.00763358778630,16.549618320610700,-250.13740458015300,-65.02290076335880,36.961832061068700,-250.13740458015300,-80.42748091603050,10.106870229007600,-83.32824427480920,-31.358778625954200
Right,-1.0229007633587800,17.84732824427480,-9.068702290076340,-2.2595419847328200,23.755725190839700,-10.206106870229000,-33.76335877862600,203.74045801526700,20.236641221374000,-42.62595419847330,250.12977099236600,68.22137404580150,-39.87786259541990,250.12977099236600,57.74809160305340,-5.549618320610690,-29.358778625954200,-17.251908396946600,11.587786259542000,-250.13740458015300,-54.7557251908397,37.732824427480900,-250.13740458015300,-95.05343511450380,3.5267175572519100,-10.541984732824400,-28.50381679389310,4.404580152671760,33.12213740458020,-11.625954198473300
Right,-2.099236641221370,17.15267175572520,-8.893129770992370,-3.0,17.358778625954200,-10.114503816793900,-7.770992366412210,67.82442748091600,7.282442748091600,-41.54961832061070,250.12977099236600,34.152671755725200,-42.06106870229010,250.12977099236600,65.4885496183206,-10.572519083969500,249.49618320610700,56.6793893129771,17.251908396946600,-27.068702290076300,-31.72519083969470,16.702290076335900,-250.13740458015300,-87.17557251908400,40.083969465648900,-250.13740458015300,-87.30534351145040,-3.572519083969470,-24.12213740458020,-32.3206106870229
Right,-2.2519083969465600,14.725190839694700,-9.992366412213740,-10.885496183206100,13.022900763358800,-13.595419847328200,-51.282442748091600,237.46564885496200,42.25190839694660,-49.274809160305300,250.12977099236600,85.59541984732820,-28.48854961832060,250.12977099236600,68.57251908396950,16.755725190839700,-5.549618320610690,-26.236641221374000,21.908396946564900,-250.13740458015300,-57.41984732824430,21.65648854961830,-250.13740458015300,-108.50381679389300,3.2900763358778600,-128.74045801526700,-32.51908396946570,14.412213740458000,22.51145038167940,-25.938931297709900
Left,-3.3969465648855000,16.83206106870230,-11.648854961832100,-9.709923664122140,-8.076335877862600,-14.98473282442750,-33.603053435114500,-215.9618320610690,-24.48854961832060,-75.93129770992370,-139.19847328244300,-6.221374045801530,-25.938931297709900,-7.67175572519084,-19.870229007633600,36.23664122137400,243.98473282442700,-6.0,13.458015267175600,250.12977099236600,36.88549618320610,-1.5038167938931300,171.46564885496200,31.099236641221400,6.786259541984730,-24.0381679389313,1.0916030534351100,0.32061068702290100,29.763358778626000,-4.2748091603053400
Left,1.8702290076335900,17.267175572519100,-9.564885496183210,1.633587786259540,20.916030534351100,-6.816793893129770,7.786259541984730,-250.13740458015300,-18.282442748091600,-32.12977099236640,-137.77862595419800,-15.15267175572520,-67.76335877862600,-70.23664122137400,-29.14503816793890,-7.8396946564885500,19.083969465648900,-7.923664122137410,29.31297709923660,244.5114503816790,-3.5572519083969500,-3.801526717557250,250.12977099236600,42.35114503816790,-0.4198473282442750,132.25954198473300,20.870229007633600,6.106870229007630,-45.954198473282400,2.8473282442748100
Left,-0.8473282442748090,6.480916030534350,-8.778625954198470,-0.12213740458015300,-93.96946564885500,-15.13740458015270,-22.72519083969470,-250.13740458015300,-5.068702290076340,-57.01526717557250,-64.77099236641220,-25.87786259541990,-12.793893129771000,25.81679389312980,-12.412213740458000,25.580152671755700,161.78625954198500,-11.534351145038200,-6.145038167938930,250.12977099236600,35.80916030534350,-9.061068702290080,221.98473282442700,35.48091603053440,9.091603053435120,-22.19083969465650,5.129770992366410,-0.3435114503816790,28.450381679389300,-5.961832061068700
Left,0.916030534351145,22.297709923664100,-8.122137404580150,1.0610687022900800,21.244274809160300,-7.66412213740458,0.05343511450381680,18.96946564885500,-7.4961832061068700,13.786259541984700,-250.13740458015300,-31.801526717557300,-39.10687022900760,-129.5267175572520,-10.648854961832100,-53.458015267175600,-46.045801526717600,-32.80916030534350,-1.7786259541984700,134.0381679389310,-27.00763358778630,15.068702290076300,250.12977099236600,40.717557251908400,-7.488549618320610,238.9236641221370,39.274809160305300,5.114503816793890,22.625954198473300,3.0229007633587800
Left,-0.05343511450381680,22.549618320610700,-8.969465648854960,2.572519083969470,23.435114503816800,-7.083969465648860,16.106870229007600,-165.03053435114500,-27.412213740458000,-19.793893129771000,-212.14503816793900,-21.03053435114500,-64.36641221374050,-91.58015267175570,-27.946564885496200,7.694656488549620,99.09923664122140,-20.27480916030530,4.0,250.12977099236600,20.419847328244300,-25.061068702290100,250.12977099236600,36.587786259542000,2.053435114503820,1.450381679389310,8.229007633587790,1.3587786259542000,15.900763358778600,-4.183206106870230
Left,0.1450381679389310,20.72519083969470,-7.755725190839690,2.099236641221370,19.84732824427480,-10.129770992366400,6.816793893129770,11.587786259542000,-12.022900763358800,18.282442748091600,-70.29770992366410,-32.152671755725200,19.251908396946600,-250.13740458015300,-31.229007633587800,-72.12213740458020,-123.82442748091600,-38.69465648854960,-14.633587786259500,-10.351145038167900,-22.114503816793900,14.297709923664100,83.78625954198470,-8.587786259541990,3.9770992366412200,250.12977099236600,21.015267175572500,-47.87022900763360,250.12977099236600,37.282442748091600