Class,x1,y1,x2,y2,x3,y3,x4,y4,x5,y5,x6,y6,x7,y7,x8,y8,x9,y9,x10,y10,x11,y11,x12,y12,x13,y13,x14,y14
raise,-4.084508032226560,-9.045293872070310,-4.084508032226560,-9.066841687011720,-3.9432501342773400,-8.916006982421880,-3.7038299682617200,-8.99501563720703,-4.244919543457030,-9.418789331054690,-10.151415039062500,-10.12507882080080,-11.949460485839800,-13.78341895751950,-10.151415039062500,-15.083470458984400,-4.697423657226560,-13.395558288574200,-3.1651345947265600,-8.283937744140630,-0.47165772705078100,-1.9680337646484400,-2.8036101440429700,3.9145197143554700,-4.223371728515630,6.1076084350585900,-5.6311623046875,5.5258174316406200
raise,-7.785943798828120,-0.5674257934570310,-8.56166513671875,-0.7350199096679690,-9.85692823486328,-0.82360537109375,-11.298237634277300,-1.1707646118164100,-13.596671228027300,-1.7310078002929700,-12.50730947265630,-1.7238251953125,-9.533711010742190,-1.2665326782226600,-7.6087728759765600,0.9792284790039060,-6.792350109863280,3.986345764160160,-4.220977526855470,4.637568615722660,-2.195482922363280,7.448361364746090,-2.114080065917970,9.129090930175780,-1.924938134765630,9.45470235595703,-1.7405846069335900,9.583989245605470
raise,-4.594472985839840,-8.456320263671880,-5.078101721191410,-8.518569506835940,-8.044517578125,-9.334992272949220,-10.711658227539100,-10.905588562011700,-9.713276135253910,-11.48498536376950,-7.781155395507810,-10.266336718750000,-5.810727429199220,-8.221688500976560,-5.781997009277340,-3.0166940917968700,-3.5673604736328100,1.0989385620117200,-3.5793314819335900,3.890577697753910,-2.6384102294921900,6.622361791992190,-2.6575638427734400,8.087613208007810,-3.478775012207030,8.2743609375,-4.331110803222660,8.21690009765625
lower,-8.295908752441410,3.1004911499023400,-7.3932947265625,2.4875755249023400,-4.984727856445310,1.7956512451171900,-3.6367923217773400,-0.7517793212890620,-3.6846763549804700,-3.9528269409179700,-5.815515832519530,-7.599196069335940,-11.01332763671880,-12.196063256835900,-7.0652890991210900,-12.861651318359400,-5.968744738769530,-11.985373510742200,-4.4819455078125,-10.675745202636700,-4.369418029785160,-9.952696301269530,-3.258508459472660,-9.641450085449220,-2.7533319091796900,-9.629479077148440,-2.626439221191410,-9.375693701171870
lower,-7.999027746582030,3.5338416503906200,-7.6614453125,3.2561142578125,-5.628768103027340,2.4205378784179700,-4.168305090332030,0.8212111694335940,-5.111620544433590,-1.2808978881835900,-5.379771130371090,-5.027823486328130,-7.864952453613280,-9.629479077148440,-7.582436657714840,-12.205640063476600,-6.337451794433590,-12.449848632812500,-4.948814831542970,-11.884817041015600,-4.302380383300780,-10.568006127929700,-3.9264907226562500,-10.232817895507800,-2.7269956909179700,-9.885658654785160,-1.6472107421875,-9.631873278808590
lower,-7.982268334960940,5.2456958374023400,-7.630320690917970,5.061342309570310,-6.849810949707030,5.070919116210940,-4.867411975097660,5.463568188476560,-4.352658618164060,3.4548329956054700,-3.845087866210940,-0.6057330200195310,-5.257666845703130,-3.873818286132810,-7.189787585449220,-7.659051110839840,-7.474697583007810,-10.280701928710900,-8.226476904296870,-12.550405102539100,-6.081272216796880,-12.981361401367200,-5.116408947753910,-11.473014355468700,-3.928884924316410,-10.46984385986330,-3.3494881225585900,-9.483432775878910
raise,-2.9640216552734400,-9.449913952636720,-4.829104748535160,-9.80665,-8.307879760742190,-11.221623181152300,-9.241618408203120,-12.416329809570300,-8.348581188964840,-12.052411157226600,-8.305485559082030,-9.555258825683590,-4.3622354248046900,-8.542511523437500,-3.6343981201171900,-5.066130712890630,-3.782838623046880,1.9871873779296900,-2.882618798828130,4.8506525634765600,-4.967968444824220,6.136338854980470,-4.76924970703125,6.193799694824220,-6.172251879882810,5.992686755371090,-6.598419775390620,5.892130285644530
raise,-4.278438366699220,-9.188945971679690,-7.510610607910160,-9.849745629882810,-10.283096130371100,-12.157756030273400,-7.510610607910160,-14.369998364257800,-5.983109948730470,-13.462595935058600,-2.906560815429690,-10.261548315429700,-3.459621398925780,-4.972756848144530,-4.067748620605470,-0.033518823242187500,-4.656722229003910,3.5003228271484400,-5.892130285644530,4.704606262207030,-6.667851623535160,5.518634826660160,-6.833051538085940,5.717353564453120,-6.622361791992190,5.793968017578120,-7.053318090820310,5.7077767578125
raise,-2.0733786376953100,-9.90241806640625,-3.612850305175780,-9.617508068847660,-6.567295153808590,-10.405200415039100,-8.494627490234380,-12.054805358886700,-6.325480786132810,-13.646949462890600,-5.760449194335940,-11.815385192871100,-4.050989208984380,-10.05564697265630,-4.311957189941410,-7.769184387207030,-3.385401147460940,-4.754884497070310,-4.778826513671870,1.1085153686523400,-5.353434912109380,4.153939880371090,-5.741295581054690,5.700594152832030,-5.741295581054690,6.138733056640630,-6.562506750488280,6.2201359130859400
raise,-2.9544448486328100,-9.390058911132810,-4.410119458007810,-9.430760339355470,-6.256048937988280,-9.674968908691410,-7.474697583007810,-12.260706701660200,-8.238447912597660,-14.81771407470700,-7.481880187988280,-13.397952490234400,-4.4196962646484400,-9.734823950195310,-4.182670300292970,-5.0182466796875,-2.636016027832030,-2.4756045166015600,-4.84586416015625,3.4955344238281200,-4.687846850585940,5.679046337890620,-5.102043737792970,6.270414147949220,-5.015852478027340,7.055712292480470,-5.202600207519530,7.321468676757810
raise,-5.801150622558590,-9.950302099609370,-8.461108666992190,-10.467449658203100,-8.817844714355470,-12.164938635253900,-7.4962453979492200,-13.297396020507800,-5.844246252441410,-9.70369932861328,-5.193023400878910,-6.461950280761720,-4.671087438964840,-2.916137622070310,-4.977545251464840,2.6312276245117200,-4.144363073730470,5.76523759765625,-4.206612316894530,7.0102224609375000,-4.522646936035160,7.335833886718750,-5.427655163574220,7.000645654296880,-5.913678100585940,6.768408093261720,-6.2201359130859400,6.76122548828125
raise,-3.4835634155273400,-9.126696728515620,-4.455609289550780,-8.748412866210940,-6.8210805297851600,-9.648632690429690,-8.334215979003910,-12.100295190429700,-6.452373474121090,-13.304578625488300,-5.216965417480470,-11.875240234375,-4.975151049804690,-8.695740429687500,-5.200206005859380,-6.883329772949220,-4.774038110351560,-1.915361328125,-5.013458276367190,1.1875240234375,-5.446808776855470,4.204218115234380,-5.566518859863280,5.983109948730470,-5.327098693847660,6.497863305664060,-6.076483813476560,6.5505357421875
raise,-3.6750995483398400,-9.241618408203120,-5.367800122070310,-9.78031378173828,-8.640673791503910,-10.809820495605500,-8.020575561523440,-11.81777939453130,-7.68059892578125,-12.509703674316400,-6.48589229736328,-10.254365710449200,-5.214571215820310,-7.304709265136720,-5.310339282226560,-4.472368701171880,-4.259284753417970,-0.5267243652343750,-4.891353991699220,4.637568615722660,-3.9264907226562500,6.440402465820310,-4.84586416015625,6.768408093261720,-5.2456958374023400,6.7803791015625,-5.468356591796880,6.636727001953120
raise,-3.296815686035160,-9.485826977539060,-4.903325,-9.56962403564453,-5.6024318847656200,-9.3086560546875,-7.8721350585937500,-10.0748005859375,-9.579200842285160,-12.694057202148400,-8.844180932617190,-12.86404552001950,-5.592855078125,-11.18571015625,-4.295197778320310,-8.152256652832030,-2.959233251953130,-2.8706477905273400,-3.8283284545898400,3.564966271972660,-2.73896669921875,5.796362219238280,-2.3511060302734400,7.75721337890625,-3.0693665283203100,7.979874133300780,-4.120421057128910,7.9295958984375000
lower,-6.294356164550780,6.019022973632810,-5.130774157714840,5.722141967773440,-3.3710359375,5.0014872680664100,-3.3399113159179700,1.3934253662109400,-4.314351391601560,-2.0350714111328100,-6.7277066650390600,-5.157110375976560,-8.085219006347660,-8.489839086914060,-10.79545528564450,-13.17050333251950,-6.979097839355470,-12.952630981445300,-6.430825659179690,-11.221623181152300,-4.436455676269530,-10.20887587890630,-3.744531396484380,-9.610325463867190,-2.8036101440429700,-9.5384994140625,-2.0063409912109400,-10.01733974609380
lower,-6.287173559570310,4.695029455566410,-4.618415002441410,3.9600095458984400,-4.6351744140625,1.8411410766601600,-5.367800122070310,-0.5315127685546870,-6.5768719604492200,-3.0238766967773400,-8.339004382324220,-6.598419775390620,-8.712499841308590,-11.0707884765625,-7.848193041992190,-12.406753002929700,-6.782773303222660,-11.980585107421900,-5.3007624755859400,-11.030087048339800,-4.508281726074220,-9.969455712890630,-2.9496564453125,-9.923965881347660,-2.114080065917970,-9.91438907470703,-1.7118541870117200,-9.91438907470703
lower,-6.7277066650390600,5.793968017578120,-5.0948611328125000,5.571307263183590,-5.468356591796880,4.695029455566410,-5.0182466796875,2.5809493896484400,-4.3622354248046900,-0.19393033447265600,-6.500257507324220,-2.6288334228515600,-6.919242797851560,-5.908889697265630,-7.709329345703120,-9.406818322753910,-9.162609753417970,-11.020510241699200,-6.866570361328130,-11.403582507324200,-6.555324145507810,-10.55364091796880,-5.336675500488280,-10.031704956054700,-3.921702319335940,-9.739612353515630,-3.318363500976560,-9.677363110351560
lower,-5.597643481445310,5.614402893066410,-3.7134067749023400,5.5641246582031200,-5.334281298828130,4.496310717773440,-6.442796667480470,3.1387983764648400,-6.639121203613280,1.1923124267578100,-7.345410693359380,-1.5083470458984400,-8.580818750000000,-3.0933085449218700,-8.001421948242190,-6.227318518066410,-7.42441934814453,-8.975862023925780,-7.587225061035160,-10.579977136230500,-6.60799658203125,-10.931924780273400,-5.6383449096679700,-10.905588562011700,-4.929661218261720,-10.1131078125,-4.728548278808590,-10.079588989257800
lower,-2.250549560546880,3.5434184570312500,-4.570530969238280,0.8403647827148440,-7.563283044433590,-4.163516687011720,-10.046070166015600,-8.341398583984380,-9.435548742675780,-10.184933862304700,-8.825027319335940,-11.71482872314450,-7.884106066894530,-11.188104357910200,-5.827486840820310,-10.309432348632800,-4.410119458007810,-9.81862100830078,-3.5338416503906200,-9.655815295410160,-3.019088293457030,-9.662997900390630,-2.1787235107421900,-9.81862100830078,-1.946485949707030,-9.751583361816410,-2.0733786376953100,-9.89523546142578
lower,-8.271966735839840,3.6559459350585900,-7.783549597167970,3.6056677001953100,-6.452373474121090,3.2728736694335900,-4.781220715332030,1.350329736328130,-4.153939880371090,-1.120486376953130,-4.3813890380859400,-5.5641246582031200,-7.287949853515630,-8.44674345703125,-7.266402038574220,-9.832986218261720,-8.204929089355470,-11.080365283203100,-6.461950280761720,-12.016498132324200,-4.493916516113280,-11.77228956298830,-3.5793314819335900,-10.89122335205080,-2.9664158569335900,-10.098742602539100,-2.3415292236328100,-9.449913952636720
lower,-7.510610607910160,4.338293408203130,-5.193023400878910,3.835511059570310,-2.849099975585940,2.789244934082030,-3.5529952636718700,0.8116343627929690,-4.055777612304690,-3.835511059570310,-4.99909306640625,-8.257601525878910,-7.058106494140630,-11.808202587890600,-7.433996154785160,-14.324508532714800,-6.519411120605470,-14.013262316894500,-4.905719201660160,-11.44667813720700,-6.445190869140630,-11.700463513183600,-2.583343591308590,-10.05564697265630,-0.6248866333007810,-9.212887988281250,0.29448680419921900,-9.737218151855470
lower,-6.675034228515620,6.193799694824220,-5.923254907226560,6.368576416015630,-4.623203405761720,6.2584431396484400,-2.4851813232421900,5.109226342773440,-2.157175695800780,1.024718310546880,-4.139574670410160,-3.0071172851562500,-5.559336254882810,-8.508992700195310,-7.501033801269530,-10.639832177734400,-9.22485899658203,-13.223175769043000,-7.745242370605470,-12.600683337402300,-6.196193896484380,-11.346121667480500,-4.970362646484380,-10.273519323730500,-4.201823913574220,-9.87608184814453,-2.825157958984380,-10.072406384277300
none,-2.5378537597656200,-9.421183532714840,-2.540247961425780,-9.447519750976560,-2.454056701660160,-9.485826977539060,-2.4851813232421900,-9.45470235595703,-2.528276953125,-9.591171850585940,-2.4301146850585900,-9.45470235595703,-2.442085693359380,-9.459490759277340,-2.3918074584960900,-9.49300958251953,-2.398990063476560,-9.49300958251953,-2.4061726684570300,-9.483432775878910,-2.5905261962890600,-9.648632690429690,-2.4205378784179700,-9.497797985839840,-2.4133552734375,-9.464279162597660,-2.5905261962890600,-9.509768994140630
none,-2.5713725830078100,-9.471461767578130,-2.549824768066410,-9.471461767578130,-2.597708801269530,-9.425971936035160,-2.521094348144530,-9.469067565917970,-2.454056701660160,-9.49300958251953,-2.3774422485351600,-9.485826977539060,-2.4133552734375,-9.457096557617190,-2.398990063476560,-9.481038574218750,-2.492363928222660,-9.406818322753910,-2.5953145996093700,-9.478644372558590,-2.4061726684570300,-9.49300958251953,-2.31758720703125,-9.797073193359370,-2.039859814453130,-9.892841259765630,-1.924938134765630,-9.804255798339840
none,-9.050082275390620,-0.028730419921875,-9.052476477050780,-0.0430956298828125,-9.045293872070310,-0.086191259765625,-9.165003955078120,0.13646949462890600,-9.14824454345703,-0.19871873779296900,-8.688557824707030,-0.19871873779296900,-9.081206896972660,-0.055066638183593700,-9.208099584960940,-0.055066638183593700,-9.165003955078120,-0.02154781494140630,-9.184157568359380,0.062249243164062500,-9.081206896972660,0.12210428466796900,-9.143456140136720,-0.06703764648437500,-9.121908325195310,0.00239420166015625,-9.327809667968750,0.11013327636718700
none,-9.141061938476560,0.011971008300781200,-9.131485131835940,0.00239420166015625,-9.334992272949220,0.028730419921875,-9.193734375,-0.047884033203125000,-9.234435803222660,-0.011971008300781200,-9.229647399902340,0.07422025146484380,-9.066841687011720,-0.12689268798828100,-9.34696328125,-0.04548983154296880,-9.229647399902340,0.02633621826171880,-9.184157568359380,-0.028730419921875,-9.169792358398440,0.047884033203125000,-9.047688073730470,0.05746083984375,-9.196128576660160,-0.143652099609375,-9.191340173339840,0.011971008300781200
none,-9.184157568359380,0.02633621826171880,-9.208099584960940,0.10773907470703100,-9.217676391601560,0.04548983154296880,-9.208099584960940,-0.00239420166015625,-9.677363110351560,-0.0909796630859375,-10.149020837402300,-1.1516109985351600,-10.998962426757800,-2.750937707519530,-9.81862100830078,-1.4317325927734400,-6.993463049316410,-0.6464344482421870,-5.889736083984380,0.08140285644531250,-6.490680700683590,0.9241618408203130,-6.866570361328130,0.6919242797851560,-7.012616662597660,0.5482721801757810,-6.763619689941410,1.0702081420898400
none,-3.0406361083984400,-9.33978067626953,-2.9376854370117200,-9.306261853027340,-3.5913024902343700,-9.428366137695310,-3.356670727539060,-9.490615380859370,-3.2249896362304700,-9.725247143554690,-3.0502129150390600,-9.600748657226560,-2.844311572265630,-9.397241516113280,-2.6192566162109400,-9.14824454345703,-2.693476867675780,-8.813056311035160,-3.019088293457030,-8.808267907714840,-3.0741549316406200,-9.04050546875,-3.2537200561523400,-9.205705383300780,-3.246537451171880,-9.296685046386720,-3.265691064453130,-9.275137231445310
none,-1.2138602416992200,-9.018957653808590,-1.5634136840820300,-8.741230261230470,-1.8698714965820300,-9.337386474609370,-0.9959878906250000,-9.361328491210940,-1.3910311645507800,-9.196128576660160,-0.8164227661132810,-8.55448253173828,-1.1468225952148400,-8.597578161621090,-1.838746875,-8.827421520996090,-2.8754361938476600,-9.200916979980470,-2.9568390502929700,-9.720458740234370,-2.913743420410160,-10.053252770996100,-2.3511060302734400,-10.211270080566400,-1.687912170410160,-10.065223779296900,-1.455674609375,-9.605537060546870
none,-8.975862023925780,-0.6440402465820310,-9.176974963378910,-0.7613561279296870,-9.081206896972660,-0.7637503295898440,-9.14824454345703,-0.59376201171875,-8.978256225585940,-0.6416460449218750,-8.95670841064453,-0.46686932373046900,-9.062053283691410,-0.6847416748046880,-9.217676391601560,-0.5626373901367190,-9.296685046386720,-0.4572925170898440,-8.736441857910160,-0.63206923828125,-9.150638745117190,-0.699106884765625,-9.145850341796880,-0.7445967163085940,-9.028534460449220,-0.3495534423828130,-9.085995300292970,-0.689530078125
none,-8.647856396484380,-0.5482721801757810,-9.227253198242190,-0.7062894897460940,-9.248801013183590,-0.8738836059570310,-9.167398156738280,-0.6009446166992190,-8.985438830566410,-0.34715924072265600,-8.942343200683590,-0.7805097412109370,-9.227253198242190,-1.0486603271484400,-9.14824454345703,-0.8786720092773440,-9.081206896972660,-0.33518823242187500,-8.456320263671880,-0.34237083740234400,-9.2320416015625,-0.9241618408203130,-9.217676391601560,-0.6943184814453130,-9.179369165039060,-0.16998831787109400,-9.028534460449220,-0.6847416748046880
none,-8.951920007324220,-0.49320554199218700,-9.081206896972660,-0.6248866333007810,-8.748412866210940,-0.6057330200195310,-8.793902697753910,-0.8978256225585940,-9.181763366699220,-1.139639990234380,-9.253589416503910,-0.47165772705078100,-9.004592443847660,-0.2442085693359380,-8.8872765625,-0.4572925170898440,-8.927977990722660,-0.622492431640625,-9.466673364257810,-0.9050082275390620,-9.282319836425780,-0.373495458984375,-8.856151940917970,-0.584185205078125,-8.966285217285160,-0.833182177734375,-9.330203869628910,-0.7709329345703120
none,-9.176974963378910,-0.9265560424804690,-9.34696328125,-0.36631285400390600,-8.781931689453120,-0.6823474731445310,-8.640673791503910,-0.7685387329101560,-8.95670841064453,-0.9361328491210940,-9.241618408203120,-0.8379705810546880,-9.277531433105470,-0.5602431884765630,-8.889670764160160,-0.6296750366210940,-8.882488159179690,-0.9169792358398440,-9.26316622314453,-0.8164227661132810,-8.987833032226560,-0.6751648681640630,-9.203311181640620,-0.33758243408203100,-8.889670764160160,-0.6943184814453130,-8.949525805664060,-0.7158662963867190
none,-8.951920007324220,-0.82360537109375,-9.126696728515620,-0.8451531860351560,-8.614337573242190,-0.9457096557617190,-8.93755479736328,-0.8810662109375000,-9.160215551757810,-0.8020575561523440,-9.088389501953120,-0.6943184814453130,-8.894459167480470,-0.7158662963867190,-8.659827404785160,-0.8930372192382810,-9.004592443847660,-1.0773907470703100,-9.14824454345703,-0.9433154541015630,-9.085995300292970,-0.7398083129882810,-8.717288244628910,-0.6967126831054690,-8.683769421386720,-0.7661445312500000,-9.169792358398440,-1.0199299072265600
raise,-2.9927520751953100,-9.105148913574220,-3.9552211425781200,-8.916006982421880,-8.693346228027340,-10.290278735351600,-9.191340173339840,-11.748347546386700,-10.110713610839800,-13.441048120117200,-7.000645654296880,-13.012486022949200,-5.588066674804690,-11.159373937988300,-4.441244079589840,-6.100425830078130,-3.7110125732421900,-0.076614453125,-2.602497204589840,2.549824768066410,-3.6583401367187500,4.805162731933590,-5.214571215820310,6.339845996093750,-5.877765075683590,6.998251452636720,-6.050147595214840,6.770802294921870
raise,-3.651157531738280,-10.747571252441400,-7.287949853515630,-10.309432348632800,-9.935936889648440,-12.591106530761700,-7.896077075195310,-14.997279199218700,-4.491522314453130,-12.734758630371100,-3.670311145019530,-9.1554271484375,-3.189076611328130,-5.221753820800780,-3.9528269409179700,-1.7477672119140600,-5.104437939453130,1.599326708984380,-6.524199523925780,3.0406361083984400,-7.50821640625,3.5338416503906200,-7.807491613769530,3.9743747558593700,-8.197746484375,3.497928625488280,-8.137891442871090,3.6727053466796900
raise,-4.271255761718750,-10.364498986816400,-8.765172277832030,-11.906364855957000,-10.781090075683600,-14.219163659668000,-6.871358764648440,-14.647725756835900,-4.019864587402340,-11.252747802734400,-2.8419173706054700,-7.161057165527340,-2.6240450195312500,-3.754108203125,-4.393360046386720,0.45489831542968700,-4.786009118652340,3.7612908081054700,-5.5090580200195300,5.394136340332030,-6.349422802734380,5.154716174316410,-7.043741284179690,4.4819455078125,-6.902483386230470,4.53940634765625,-7.331045483398440,4.661510632324220
raise,-7.81467421875,-11.726799731445300,-8.82981572265625,-13.690045092773400,-6.775590698242190,-14.561534497070300,-4.393360046386720,-12.849680310058600,-3.907337109375,-9.074024291992190,-2.6048914062500000,-3.749319799804690,-3.35188232421875,2.04943662109375,-4.924872814941410,3.2130186279296900,-5.95677373046875,5.013458276367190,-6.222530114746090,5.456385583496090,-6.763619689941410,5.76523759765625,-7.316680273437500,5.317521887207030,-7.1778165771484400,5.511452221679690,-7.240065820312500,5.386953735351560
raise,-2.4756045166015600,-10.156203442382800,-2.3582886352539100,-9.938331091308590,-3.469198205566410,-10.237606298828100,-9.536105212402340,-11.724405529785200,-10.51533369140630,-16.54153927001950,-6.612784985351560,-17.12811867675780,-3.612850305175780,-13.713987109375,-1.4173673828125,-9.576806640625,-2.212242333984380,-3.84987626953125,-1.7238251953125,2.760514514160160,-3.3327287109375,6.311115576171880,-5.386953735351560,6.947973217773440,-5.868188269042970,6.526593725585940,-6.174646081542970,6.49307490234375
raise,-2.6767174560546900,-9.765948571777340,-2.5905261962890600,-9.892841259765630,-3.404554760742190,-10.235212097168000,-8.403647827148440,-10.996568225097700,-11.712434521484400,-16.529568261718700,-4.570530969238280,-17.666814050293000,-2.9759926635742200,-13.972560888671900,-1.3287819213867200,-10.103531005859400,-2.205059729003910,-4.029441394042970,-3.246537451171880,3.81156904296875,-3.825934252929690,5.422866760253910,-5.212177014160160,6.777984899902340,-5.058948107910160,6.074089611816410,-6.026205578613280,6.471527087402340
raise,-2.2649147705078100,-9.80665,-2.7198130859375,-10.04846436767580,-7.599196069335940,-11.690886706543000,-11.3389390625,-15.928623645019500,-5.671863732910160,-17.056292626953100,-3.871424084472660,-14.015656518554700,-1.8435352783203100,-9.100360510253910,-1.2785036865234400,-4.015076184082030,-1.9704279663085900,2.6982652709960900,-2.683900061035160,5.6958057495117200,-4.170699291992190,6.926425402832030,-5.360617517089840,6.924031201171880,-5.72693037109375,6.890512377929690,-6.58884296875,6.4643444824218700
raise,-7.596801867675780,-11.724405529785200,-11.611878051757800,-16.814478259277300,-4.575319372558590,-17.55189237060550,-1.7860744384765600,-15.035586425781200,-3.0214824951171900,-11.066000073242200,-0.7733271362304690,-4.726154077148440,-3.785232824707030,3.0526071166992200,-3.4261025756835900,6.275202551269530,-4.005499377441410,7.520187414550780,-5.116408947753910,7.292738256835940,-5.66946953125,7.038952880859380,-5.904101293945310,6.938396411132810,-5.916072302246090,6.833051538085940,-5.786785412597660,7.015010864257810
raise,-6.102820031738280,-10.417171423339800,-9.677363110351560,-13.084312072753900,-6.543353137207030,-14.803348864746100,-4.340687609863280,-12.641384765625000,-4.225765930175780,-9.710881933593750,-3.9839515625000000,-6.119579443359380,-3.9624037475585900,-1.4867992309570300,-4.520252734375,3.3638533325195300,-4.402936853027340,4.929661218261720,-6.030993981933590,5.161898779296880,-6.471527087402340,5.394136340332030,-7.146691955566410,5.341463903808590,-7.204152795410160,5.1140147460937500,-7.445967163085940,5.03740029296875
lower,-7.168239770507810,4.8889597900390600,-6.325480786132810,4.479551306152340,-4.0222587890625,3.7804444213867200,-2.7820623291015600,1.924938134765630,-1.7956512451171900,-0.7541735229492190,-6.177040283203130,-2.6623522460937500,-8.52335791015625,-6.624755993652340,-7.4962453979492200,-10.855310327148400,-10.168174450683600,-13.759476940918000,-8.353369592285160,-14.647725756835900,-6.1076084350585900,-11.403582507324200,-3.881000891113280,-10.694898815918000,-3.4452561889648400,-10.237606298828100,-1.407790576171880,-10.050858569335900
lower,-7.4028715332031200,5.293579870605470,-6.354211206054690,4.92247861328125,-3.9528269409179700,3.5577836669921900,-1.8291700683593700,0.7445967163085940,-3.0980969482421900,-1.1611878051757800,-4.350264416503910,-6.246472131347660,-11.487379565429700,-12.57674132080080,-9.133879333496090,-15.076287854003900,-7.503428002929690,-13.575123413085900,-4.824316345214840,-11.434707128906200,-4.469974499511720,-9.715670336914060,-2.920926025390630,-9.627084875488280,-2.8323405639648400,-9.452308154296870,-2.4349030883789100,-9.5001921875
lower,-7.232883215332030,3.912125512695310,-3.1675287963867200,2.7844565307617200,-2.4564509033203100,1.465251416015630,-2.91134921875,-1.7860744384765600,-5.1882349975585900,-6.785167504882810,-10.572794531250000,-9.763554370117190,-10.053252770996100,-12.00213292236330,-6.698976245117190,-12.35408056640630,-6.718129858398440,-12.327744348144500,-4.139574670410160,-10.723629235839800,-3.1771056030273400,-10.47702646484380,-2.437297290039060,-9.660603698730470,-1.7932570434570300,-9.574412438964840,-1.4891934326171900,-9.437942944335940
lower,-6.907271789550780,5.355829113769530,-5.449202978515630,5.315127685546880,-3.6559459350585900,4.601655590820310,-2.35589443359375,2.061407629394530,-4.42448466796875,-1.637633935546880,-5.272032055664060,-5.070919116210940,-5.667075329589840,-9.203311181640620,-9.674968908691410,-12.413935607910200,-8.750807067871090,-15.552733984375,-6.469132885742190,-11.563994018554700,-5.4013189453125,-12.016498132324200,-2.9089550170898400,-10.275913525390600,-1.216254443359380,-9.737218151855470,-0.8020575561523440,-9.667786303710940
lower,-7.252036828613280,5.42047255859375,-7.599196069335940,5.652710119628910,-7.235277416992190,5.801150622558590,-6.497863305664060,5.61200869140625,-3.5290532470703100,6.205770703125000,-2.7341782958984400,3.440467785644530,-2.1930887207031200,-1.0175357055664100,-2.6599580444335900,-3.835511059570310,-4.716577270507810,-9.212887988281250,-10.481814868164100,-15.155296508789100,-11.48498536376950,-11.86805762939450,-6.83783994140625,-12.514492077636700,-5.130774157714840,-10.989385620117200,-4.338293408203130,-10.544064111328100
lower,-5.942408520507810,4.582501977539060,-6.332663391113280,5.121197351074220,-6.241683728027340,5.0014872680664100,-5.149927770996090,5.063736511230470,-3.191470812988280,3.8379052612304700,-3.1651345947265600,1.0199299072265600,-4.187458703613280,-2.070984436035160,-3.6104561035156200,-7.994239343261720,-8.02536396484375,-11.678915698242200,-8.339004382324220,-13.53442198486330,-5.698199951171870,-13.759476940918000,-4.434061474609380,-11.326968054199200,-3.7134067749023400,-11.152191333007800,-2.626439221191410,-10.666168395996100
lower,-7.244854223632810,4.970362646484380,-7.632714892578120,5.576095666503910,-7.264007836914060,5.753266589355470,-5.382165332031250,5.327098693847660,-4.0222587890625,4.80755693359375,-2.6503812377929700,3.5098996337890600,-1.3455413330078100,-0.9528922607421880,-3.6008792968750000,-4.405331054687500,-6.4092778442382800,-8.59997236328125,-10.127473022460900,-12.46181964111330,-7.618349682617190,-16.117765576171900,-5.49708701171875,-11.966219897460900,-3.88818349609375,-12.04762275390630,-3.564966271972660,-11.2240173828125
lower,-7.594407666015620,3.191470812988280,-8.197746484375,3.845087866210940,-7.5537062377929700,4.836287353515620,-5.066130712890630,5.2816088623046900,-4.113238452148440,4.874594580078120,-3.201047619628910,2.9664158569335900,-2.636016027832030,0.04548983154296880,-3.806780639648440,-4.247313745117190,-6.330269189453130,-7.321468676757810,-8.681375219726560,-12.322955944824200,-9.667786303710940,-15.270218188476600,-6.294356164550780,-12.526463085937500,-5.837063647460940,-12.55758770751950,-4.675875842285160,-11.247959399414100
lower,-7.60398447265625,6.100425830078130,-5.985504150390630,5.240907434082030,-3.2609026611328100,4.908113403320310,-1.0773907470703100,2.5378537597656200,-2.3918074584960900,0.031124621582031200,-4.508281726074220,-3.878606689453130,-4.984727856445310,-9.279925634765620,-10.184933862304700,-14.719551806640600,-5.2456958374023400,-18.052280517578100,-6.203376501464840,-13.309367028808600,-4.314351391601560,-14.018050720214800,-2.882618798828130,-9.076418493652340,-1.158793603515630,-9.624690673828130,-0.8188169677734380,-9.801861596679690
none,-2.114080065917970,-10.0748005859375,-2.5043349365234400,-9.267954626464840,-1.7621324218750000,-9.121908325195310,-2.5737667846679700,-9.038111267089840,-1.9393033447265600,-9.512163195800780,-0.8571241943359380,-9.548076220703130,-1.9393033447265600,-9.579200842285160,-3.450044592285160,-9.533711010742190,-2.6599580444335900,-9.600748657226560,0.11252747802734400,-8.597578161621090,-0.33758243408203100,-9.117119921875,-2.1883003173828100,-9.938331091308590,-6.713341455078120,-8.927977990722660,1.2569558715820300,-8.95670841064453
none,-2.499546533203130,-9.131485131835940,-2.6982652709960900,-9.121908325195310,-2.6791116577148400,-9.181763366699220,-2.8706477905273400,-9.481038574218750,-2.1739351074218700,-9.94072529296875,-1.0726023437500000,-9.234435803222660,-2.0254946044921900,-9.476250170898440,-4.783614916992190,-9.746794958496090,-1.0773907470703100,-8.942343200683590,-2.2481553588867200,-8.95670841064453,-3.0454245117187500,-9.313444458007810,-4.934449621582030,-9.674968908691410,-1.4006079711914100,-9.083601098632810,-1.4173673828125,-8.755595471191410
none,-2.990357873535160,-9.30147344970703,-3.2249896362304700,-9.4618849609375,-3.4261025756835900,-9.057264880371090,-3.356670727539060,-8.916006982421880,-3.1459809814453100,-8.968679418945310,-3.287238879394530,-8.834604125976560,-3.337517114257810,-8.628702783203120,-3.9624037475585900,-8.738836059570310,-3.2321722412109400,-8.82981572265625,-3.1004911499023400,-8.78432589111328,-3.545812658691410,-9.14824454345703,-3.1028853515625000,-9.327809667968750,-3.066972326660160,-9.643844287109370,-3.2249896362304700,-9.303867651367190
none,-2.9376854370117200,-9.234435803222660,-3.0406361083984400,-9.07163009033203,-3.1675287963867200,-8.973467822265620,-3.9456443359375000,-9.074024291992190,-1.8124106567382800,-8.920795385742190,-2.7916391357421900,-9.069235888671880,-4.939238024902340,-9.45470235595703,-1.2425906616210900,-8.875305554199220,-0.9504980590820310,-9.191340173339840,-6.382941625976560,-9.521740002441410,-2.205059729003910,-8.908824377441410,-0.8259995727539060,-8.66940421142578,-4.924872814941410,-9.782707983398440,-2.877830395507810,-9.509768994140630
none,-8.47786807861328,-0.44053310546875000,-8.86812294921875,-0.17477672119140600,-8.403647827148440,-0.12689268798828100,-8.712499841308590,-0.18435352783203100,-8.875305554199220,0.3016694091796880,-8.657433203125000,0.2442085693359380,-8.659827404785160,0.04548983154296880,-8.588001354980470,0.0383072265625,-8.719682446289060,0.00718260498046875,-8.640673791503910,0.14125789794921900,-8.552088330078120,0.0383072265625,-8.52335791015625,0.1771709228515630,-8.643067993164060,0.20829554443359400,-8.88009395751953,0.02154781494140630
none,-8.712499841308590,2.4157494750976600,-8.779537487792970,2.2457611572265600,-8.825027319335940,2.2673089721679700,-8.74601866455078,2.1906945190429700,-8.951920007324220,2.1356278808593700,-8.844180932617190,2.1739351074218700,-8.765172277832030,2.221819140625,-8.810662109375000,2.152387292480470,-8.801085302734380,2.205059729003910,-8.853757739257810,2.1404162841796900,-8.82981572265625,2.166752502441410,-8.817844714355470,2.2074539306640600,-8.585607153320310,2.2002713256835900,-8.619125976562500,2.3319524169921900
none,-9.208099584960940,1.6328455322265600,-9.064447485351560,1.43652099609375,-8.949525805664060,1.4963760375976600,-9.035717065429690,1.47482822265625,-9.124302526855470,1.4796166259765600,-9.074024291992190,1.47482822265625,-9.150638745117190,1.3718775512695300,-8.91840118408203,1.5131354492187500,-8.987833032226560,1.4245499877929700,-9.035717065429690,1.24498486328125,-9.088389501953120,1.5251064575195300,-8.731653454589840,1.5777788940429700,-9.165003955078120,1.2737152832031200,-9.102754711914060,1.4915876342773400
none,-9.114725720214840,1.3000515014648400,-9.04050546875,1.1923124267578100,-9.07163009033203,1.197100830078130,-8.920795385742190,1.218648645019530,-8.846575134277340,1.1372457885742200,-9.686939916992190,1.0630255371093700,-9.102754711914060,0.9241618408203130,-8.985438830566410,1.0773907470703100,-9.871293444824220,1.0438719238281200,-8.360552197265620,1.149216796875,-9.074024291992190,1.2689268798828100,-9.246406811523440,1.2641384765625,-8.99501563720703,1.0869675537109400,-9.076418493652340,1.2689268798828100
none,-9.141061938476560,1.429338391113280,-8.894459167480470,1.4317325927734400,-8.827421520996090,1.5777788940429700,-9.22485899658203,1.438915197753910,-9.334992272949220,1.2761094848632800,-9.07163009033203,1.13006318359375,-9.112331518554690,1.1755530151367200,-9.179369165039060,1.2617442749023400,-8.904035974121090,1.4221557861328100,-8.959102612304690,1.4006079711914100,-9.17458076171875,1.4149731811523400,-8.990227233886720,1.5083470458984400,-9.126696728515620,1.5394716674804700,-9.105148913574220,1.4724340209960900
none,-8.808267907714840,1.2880804931640600,-8.896853369140620,1.599326708984380,-8.832209924316410,1.3718775512695300,-8.736441857910160,1.5251064575195300,-8.796296899414060,1.465251416015630,-8.98304462890625,1.4987702392578100,-9.09796630859375,1.5538368774414100,-9.5001921875,1.4437036010742200,-9.105148913574220,1.3215993164062500,-8.987833032226560,1.20667763671875,-9.004592443847660,1.3479355346679700,-9.165003955078120,1.2042834350585900,-9.217676391601560,1.446097802734380,-9.014169250488280,1.2210428466796900
none,-9.150638745117190,1.429338391113280,-9.05965908203125,1.4149731811523400,-9.124302526855470,1.407790576171880,-9.066841687011720,1.3646949462890600,-9.138667736816410,1.47482822265625,-9.13627353515625,1.39821376953125,-9.045293872070310,1.254561669921880,-9.069235888671880,1.3742717529296900,-8.80347950439453,1.905784521484380,-8.564059338378910,2.1883003173828100,-8.820238916015620,2.3678654418945300,-8.872911352539060,1.9919757812500000,-8.916006982421880,2.0661960327148400,-9.035717065429690,1.8171990600585900
none,-9.006986645507810,1.467645617675780,-8.987833032226560,1.2617442749023400,-8.947131604003910,1.6041151123046900,-8.95670841064453,1.4796166259765600,-9.0021982421875,1.5131354492187500,-9.006986645507810,1.668758557128910,-9.17458076171875,1.254561669921880,-9.255983618164060,1.3311761230468700,-9.117119921875,1.6041151123046900,-9.1554271484375,1.4604630126953100,-8.889670764160160,1.6448165405273400,-8.772354882812500,1.7310078002929700,-8.88009395751953,1.8195932617187500,-8.805873706054690,1.8195932617187500
none,-8.832209924316410,1.905784521484380,-8.82981572265625,1.7453730102539100,-8.93755479736328,1.5490484741210900,-8.836998327636720,1.4221557861328100,-8.86812294921875,1.2928688964843700,-9.200916979980470,1.3910311645507800,-9.246406811523440,1.4820108276367200,-9.78031378173828,1.3862427612304700,-9.993397729492190,1.4628572143554700,-9.885658654785160,1.3910311645507800,-9.411606726074220,1.5035586425781200,-9.004592443847660,1.5227122558593700,-8.813056311035160,1.7022773803710900,-8.858546142578120,1.7645266235351600
none,-9.153032946777340,2.104503259277340,-9.0021982421875,2.0183119995117200,-8.762778076171880,2.0542250244140600,-8.674192614746090,2.094926452636720,-8.738836059570310,2.0638018310546900,-8.695740429687500,2.1811177124023400,-8.808267907714840,1.9584569580078100,-8.88009395751953,1.924938134765630,-8.588001354980470,1.7573440185546900,-8.846575134277340,1.9943699829101600,-9.332598071289060,1.9393033447265600,-9.763554370117190,1.9680337646484400,-9.789890588378910,1.93451494140625,-9.548076220703130,1.867477294921880
none,-9.375693701171870,1.8148048583984400,-9.13627353515625,1.8698714965820300,-8.920795385742190,2.2290017456054700,-8.865728747558590,2.3774422485351600,-8.597578161621090,2.1547814941406200,-8.985438830566410,2.501940734863280,-9.303867651367190,3.0789433349609400,-9.406818322753910,2.703053674316410,-8.760383874511720,2.365471240234380,-8.204929089355470,2.003946789550780,-8.1594392578125,2.1068974609375000,-8.200140686035160,2.094926452636720,-8.453926062011720,2.499546533203130,-8.813056311035160,2.8323405639648400
none,-8.671798413085940,2.2361843505859400,-9.138667736816410,2.1260510742187500,-9.026140258789060,2.1978771240234400,-8.386888415527340,2.2170307373046900,-8.173804467773440,2.2457611572265600,-8.281543542480470,2.499546533203130,-8.808267907714840,3.258508459472660,-8.815450512695310,3.1411925781250000,-8.963891015625,2.4061726684570300,-8.74601866455078,2.834734765625,-9.490615380859370,3.0621839233398400,-9.363722692871090,2.6384102294921900,-8.741230261230470,2.418143676757810,-8.403647827148440,2.5641899780273400
none,-8.815450512695310,3.366247534179690,-8.465897070312500,2.925714428710940,-8.511386901855470,2.3247698120117200,-8.767566479492190,1.6807295654296900,-8.712499841308590,1.68551796875,-8.494627490234380,1.9823989746093700,-8.8489693359375,1.678335363769530,-9.205705383300780,1.7717092285156200,-9.006986645507810,1.6903063720703100,-8.980650427246090,2.2266075439453100,-8.951920007324220,2.0638018310546900,-9.014169250488280,2.142810485839840,-8.973467822265620,3.066972326660160,-9.062053283691410,2.9544448486328100
none,-9.18655177001953,2.085349645996090,-8.916006982421880,1.7860744384765600,-8.839392529296880,1.3144167114257800,-8.844180932617190,1.1851298217773400,-8.834604125976560,1.2832920898437500,-8.760383874511720,1.7980454467773400,-8.645462194824220,2.4157494750976600,-8.82263311767578,2.786850732421880,-8.913612780761720,2.1739351074218700,-8.571241943359380,2.5067291381835900,-8.63109698486328,2.5474305664062500,-9.069235888671880,2.4349030883789100,-9.258377819824220,2.01112939453125,-8.851363537597660,2.8012159423828100
none,-8.863334545898440,3.5003228271484400,-8.726865051269530,3.0047230834960900,-8.528146313476560,2.454056701660160,-8.750807067871090,2.592920397949220,-8.769960681152340,2.262520568847660,-8.990227233886720,1.5969325073242200,-8.920795385742190,1.8219874633789100,-8.626308581542970,1.8531120849609400,-8.614337573242190,1.6256629272460900,-9.0788126953125,1.6400281372070300,-8.793902697753910,1.5801730957031200,-8.80347950439453,1.7118541870117200,-8.801085302734380,2.1883003173828100,-8.712499841308590,2.70065947265625
none,-8.86812294921875,3.009511486816410,-9.129090930175780,2.839523168945310,-9.227253198242190,2.528276953125,-8.99501563720703,1.5801730957031200,-8.949525805664060,0.30885201416015600,-9.03332286376953,0.28012159423828100,-8.657433203125000,0.4261678955078130,-9.016563452148440,0.6584054565429690,-8.834604125976560,1.3910311645507800,-8.748412866210940,1.2641384765625,-8.705317236328120,1.1276689819335900,-8.643067993164060,1.1755530151367200,-9.100360510253910,1.7238251953125,-9.603142858886720,2.2098481323242200
none,-8.777143286132810,2.0374656127929700,-8.805873706054690,2.588131994628910,-8.532934716796880,2.1499930908203100,-8.463502868652340,1.867477294921880,-8.674192614746090,1.4245499877929700,-9.239224206542970,1.7932570434570300,-9.404424121093750,1.838746875,-9.117119921875,1.9895815795898400,-9.052476477050780,1.8602946899414100,-8.968679418945310,2.2744915771484400,-9.014169250488280,2.04943662109375,-9.054870678710940,2.1883003173828100,-8.980650427246090,2.6599580444335900,-8.839392529296880,2.5450363647460900
none,-9.009380847167970,2.602497204589840,-9.0788126953125,2.365471240234380,-8.961496813964840,1.9536685546875,-8.75320126953125,1.2593500732421900,-8.480262280273440,0.7805097412109370,-8.63109698486328,0.9792284790039060,-9.083601098632810,1.3335703247070300,-9.157821350097660,1.8219874633789100,-9.222464794921880,2.2960393920898400,-9.229647399902340,2.0278888061523400,-8.990227233886720,1.7525556152343700,-8.971073620605470,2.272097375488280,-8.973467822265620,2.001552587890630,-8.913612780761720,2.001552587890630
none,-9.050082275390620,2.693476867675780,-9.1554271484375,2.7844565307617200,-8.966285217285160,2.4875755249023400,-9.133879333496090,2.1883003173828100,-9.162609753417970,1.6735469604492200,-8.777143286132810,1.3958195678710900,-9.121908325195310,0.6416460449218750,-9.138667736816410,0.9433154541015630,-9.026140258789060,1.0965443603515600,-8.738836059570310,1.8507178833007800,-8.456320263671880,2.375048046875,-8.317456567382810,2.5234885498046900,-8.410830432128910,3.057395520019530,-8.508992700195310,3.2058360229492200
none,-9.191340173339840,1.6208745239257800,-9.133879333496090,1.2761094848632800,-8.916006982421880,1.2856862915039100,-8.805873706054690,1.2952630981445300,-8.736441857910160,1.9488801513671900,-9.162609753417970,2.3511060302734400,-8.604760766601560,2.528276953125,-8.295908752441410,2.3319524169921900,-8.513781103515620,1.7501614135742200,-9.236830004882810,1.675941162109380,-9.205705383300780,1.4772224243164100,-9.373299499511720,1.5490484741210900,-9.296685046386720,1.7669208251953100,-8.949525805664060,2.059013427734380
none,-8.832209924316410,2.8658593872070300,-8.566453540039060,3.105279553222660,-9.03332286376953,2.592920397949220,-8.978256225585940,2.099714855957030,-9.258377819824220,1.6543933471679700,-9.05965908203125,0.8810662109375000,-8.987833032226560,1.2234370483398400,-8.786720092773440,1.2138602416992200,-8.602366564941410,0.9457096557617190,-8.892064965820310,1.5227122558593700,-8.875305554199220,2.578555187988280,-8.781931689453120,2.722207287597660,-8.695740429687500,2.4851813232421900,-8.595183959960940,2.530671154785160
none,-9.102754711914060,2.128445275878910,-8.911218579101560,1.4149731811523400,-9.117119921875,1.2928688964843700,-9.143456140136720,0.9169792358398440,-8.82981572265625,0.63206923828125,-8.781931689453120,1.2976572998046900,-8.762778076171880,2.0350714111328100,-9.172186560058590,2.7629087158203100,-8.834604125976560,2.1739351074218700,-9.028534460449220,1.8698714965820300,-9.045293872070310,1.8363526733398400,-9.287108239746090,1.5083470458984400,-8.954314208984380,0.9145850341796870,-9.188945971679690,0.8810662109375000
none,-9.181763366699220,2.5905261962890600,-8.947131604003910,2.099714855957030,-9.112331518554690,1.4317325927734400,-9.076418493652340,1.1180921752929700,-9.196128576660160,0.20350714111328100,-9.167398156738280,0.622492431640625,-8.827421520996090,0.8068459594726560,-8.8872765625,0.5626373901367190,-8.774749084472660,1.3958195678710900,-9.026140258789060,2.437297290039060,-8.98304462890625,2.8850130004882800,-8.827421520996090,2.664746447753910,-8.667010009765620,2.4971523315429700,-8.856151940917970,2.0542250244140600
none,-9.100360510253910,1.908178723144530,-9.052476477050780,1.5705962890625000,-9.167398156738280,0.8307879760742190,-8.894459167480470,0.7038952880859380,-8.652644799804690,1.024718310546880,-8.56166513671875,1.6519991455078100,-8.657433203125000,1.8339584716796900,-8.853757739257810,2.085349645996090,-9.634267480468750,2.863465185546880,-9.449913952636720,2.990357873535160,-9.047688073730470,2.252943762207030,-8.954314208984380,1.8267758666992200,-8.997409838867190,1.3431471313476600,-8.911218579101560,1.5298948608398400
raise,-5.537788439941410,4.261678955078130,-6.641515405273440,4.012681982421880,-7.244854223632810,4.594472985839840,-7.802703210449220,4.398148449707030,-8.497021691894530,4.149151477050780,-8.489839086914060,4.0222587890625,-8.267178332519530,4.091690637207030,-8.06367119140625,4.046200805664060,-8.039729174804690,4.077325427246090,-8.118737829589840,4.077325427246090,-8.185775476074220,4.053383410644530,-8.152256652832030,4.00310517578125,-8.17859287109375,4.00310517578125,-8.123526232910160,3.9695863525390600
raise,-4.6830584472656200,-8.604760766601560,-4.905719201660160,-8.726865051269530,-7.668627917480470,-9.957484704589840,-11.79144317626950,-11.513715783691400,-10.369287390136700,-12.9861498046875,-6.8785413696289100,-11.745953344726600,-3.5625720703125000,-8.547299926757810,-4.434061474609380,-4.410119458007810,-4.972756848144530,-0.028730419921875,-5.032611889648440,2.427720483398440,-5.786785412597660,4.11802685546875,-5.84185205078125,4.388571643066410,-6.931213806152340,4.3263223999023400,-7.979874133300780,4.192247106933590
raise,-0.6296750366210940,-9.81862100830078,-0.32561142578125000,-9.842563024902340,-1.1061211669921900,-9.967061511230470,-3.23696064453125,-10.884040747070300,-9.758765966796870,-13.747505932617200,-9.734823950195310,-17.214309936523400,-3.651157531738280,-16.886304309082000,-3.5625720703125000,-12.548010900878900,-1.6927005737304700,-8.762778076171880,-1.9536685546875,-3.9169139160156200,-3.782838623046880,3.6343981201171900,-4.295197778320310,4.673481640625,-5.341463903808590,5.604826086425780,-5.659892724609370,5.849034655761720
raise,-1.6639701538085900,-9.849745629882810,-2.442085693359380,-9.689334118652340,-2.4349030883789100,-9.976638317871090,-4.3622354248046900,-10.453084448242200,-9.299079248046870,-12.418724011230500,-10.307038146972700,-14.85602130126950,-6.835445739746090,-14.137760803222700,-4.276044165039060,-10.556035119628900,-2.3319524169921900,-6.4284314575195300,-1.0414777221679700,-2.9831752685546900,-3.938461730957030,1.6472107421875,-6.248866333007810,1.1635820068359400,-8.755595471191410,1.4772224243164100,-9.313444458007810,0.8164227661132810
raise,-3.0645781250000000,-9.404424121093750,-3.2609026611328100,-8.913612780761720,-2.511517541503910,-9.382876306152340,-6.572083557128910,-10.421959826660200,-12.746729638671900,-13.297396020507800,-7.278373046875000,-15.325284826660200,-5.446808776855470,-12.586318127441400,-5.193023400878910,-9.950302099609370,-3.248931652832030,-7.4794859863281200,-3.8187516479492200,-2.427720483398440,-3.35188232421875,3.248931652832030,-4.984727856445310,4.438849877929690,-5.947196923828130,5.106832141113280,-7.0652890991210900,4.7381250854492200
raise,-3.574543078613280,-9.313444458007810,-4.201823913574220,-9.129090930175780,-8.702923034667970,-10.180145458984400,-12.349292163085900,-13.43865391845700,-9.497797985839840,-15.246276171875,-5.425260961914060,-13.211204760742200,-2.9951462768554700,-8.049305981445310,-2.93050283203125,-3.3710359375,-2.7078420776367200,0.0430956298828125,-3.909731311035160,2.482787121582030,-5.437231970214840,4.084508032226560,-6.174646081542970,5.137956762695310,-7.024587670898440,5.434837768554690,-7.50821640625,5.0948611328125000
raise,-2.806004345703130,-8.951920007324220,-2.499546533203130,-9.10993731689453,-3.861847277832030,-9.651026892089840,-8.623914379882810,-12.07874737548830,-10.793061083984400,-14.717157604980500,-7.307103466796880,-15.037980627441400,-4.6998178588867200,-12.540828295898400,-3.768473413085940,-7.410054138183590,-2.4253262817382800,-2.2026655273437500,-3.057395520019530,3.0980969482421900,-2.9975404785156200,5.53539423828125,-4.153939880371090,6.830657336425780,-4.8650177734375,6.833051538085940,-6.023811376953130,6.9719152343750000
raise,-4.733336682128910,-8.743624462890620,-4.582501977539060,-8.628702783203120,-3.6391865234375000,-9.198522778320310,-6.72291826171875,-9.730035546875,-11.935095275878900,-11.793837377929700,-12.224793676757800,-14.45379542236330,-6.813897924804690,-14.609418530273400,-2.8706477905273400,-10.955866796875,-1.8650830932617200,-4.860229370117190,-1.7980454467773400,1.0031704956054700,-3.0693665283203100,4.570530969238280,-5.331887097167970,5.111620544433590,-5.985504150390630,5.5545478515625,-6.610390783691410,5.530605834960940
raise,-3.440467785644530,-8.975862023925780,-2.93050283203125,-9.114725720214840,-3.555389465332030,-9.07163009033203,-9.907206469726560,-10.965443603515600,-10.572794531250000,-14.425065002441400,-8.379705810546880,-15.998055493164100,-4.187458703613280,-12.275071911621100,-3.3782185424804700,-4.522646936035160,-3.873818286132810,-0.7637503295898440,-4.055777612304690,2.2002713256835900,-5.027823486328130,3.921702319335940,-6.356605407714840,4.611232397460940,-6.845022546386720,5.473144995117190,-7.436390356445310,5.355829113769530
raise,-3.6200329101562500,-9.991003527832030,-5.667075329589840,-10.077194787597700,-10.144232434082000,-11.360486877441400,-9.849745629882810,-13.393164086914100,-8.087613208007810,-13.436259716796900,-5.104437939453130,-10.728417639160200,-3.3303345092773400,-5.746083984375,-1.7884686401367200,-1.678335363769530,-2.7964275390625,3.0645781250000000,-3.385401147460940,5.1714755859375000,-4.529829541015630,6.349422802734380,-5.8226984375,6.308721374511720,-5.829881042480470,6.248866333007810,-6.289567761230470,5.951985327148440
raise,-1.889025109863280,-9.804255798339840,-3.0741549316406200,-10.283096130371100,-9.572018237304690,-12.19366905517580,-8.480262280273440,-14.994884997558600,-7.955932116699220,-16.23029305419920,-4.383783239746090,-13.057975854492200,-3.878606689453130,-7.338228088378910,-1.8746598999023400,-3.1555577880859400,-3.27526787109375,1.6903063720703100,-4.7022120605468700,4.778826513671870,-5.729324572753910,5.501875415039060,-6.306327172851560,5.779602807617190,-6.957550024414060,5.604826086425780,-7.3861121215820300,5.389347937011720
raise,-4.225765930175780,-9.995791931152340,-7.599196069335940,-11.202469567871100,-10.893617553710900,-14.11621298828130,-7.843404638671870,-15.20078634033200,-4.984727856445310,-13.505691564941400,-3.1196447631835900,-8.990227233886720,-2.863465185546880,-3.459621398925780,-1.9225439331054700,0.9121908325195310,-3.0909143432617200,3.6942531616210900,-4.563348364257810,5.422866760253910,-5.872976672363280,5.6766521362304700,-6.490680700683590,5.908889697265630,-6.782773303222660,5.990292553710940,-7.132326745605470,5.767631799316410
raise,-2.6503812377929700,-9.392453112792970,-3.6200329101562500,-10.172962854003900,-9.765948571777340,-11.231199987793000,-10.40041201171880,-13.261482995605500,-7.8170684204101600,-14.520833068847700,-5.971138940429690,-12.950236779785200,-2.4061726684570300,-9.394847314453130,-2.2960393920898400,0.3591302490234380,-2.442085693359380,2.1930887207031200,-3.0119056884765600,5.916072302246090,-4.304774584960940,6.653486413574220,-5.719747766113280,7.086836914062500,-6.093243225097660,7.184999182128910,-6.358999609375000,6.964732629394530
raise,-2.4660277099609400,-9.78031378173828,-3.6559459350585900,-10.031704956054700,-9.121908325195310,-10.927136376953100,-11.628637463378900,-14.226346264648400,-6.7037646484375,-15.452177514648400,-4.297591979980470,-13.318943835449200,-3.172317199707030,-8.573636145019530,-2.001552587890630,-1.8938135131835900,-1.3838485595703100,3.2225954345703100,-2.418143676757810,5.884947680664060,-4.247313745117190,6.68461103515625,-4.836287353515620,6.811503723144530,-5.228936425781250,6.885723974609380,-5.585672473144530,6.710947253417970
raise,-2.5426421630859400,-9.320627062988280,-2.24097275390625,-9.53131680908203,-3.342305517578130,-10.007762939453100,-9.481038574218750,-11.02529864501950,-10.28549033203130,-14.623783740234400,-7.486668591308590,-15.789759948730500,-4.163516687011720,-14.918270544433600,-3.0597897216796900,-10.773907470703100,-2.0661960327148400,-3.859453076171880,-2.9855694702148400,2.8203695556640600,-3.450044592285160,5.257666845703130,-4.829104748535160,6.241683728027340,-6.0333881835937500,6.153098266601560,-6.011840368652340,6.624755993652340
raise,-3.071760729980470,-9.483432775878910,-3.1004911499023400,-9.382876306152340,-3.0597897216796900,-9.830592016601560,-6.979097839355470,-10.204087475585900,-9.672574707031250,-12.873622326660200,-8.836998327636720,-14.563928698730500,-5.5090580200195300,-15.286977600097700,-3.9791631591796900,-11.267113012695300,-2.2744915771484400,-5.224148022460940,-1.5705962890625000,2.109291662597660,-2.9041666137695300,5.238513232421880,-4.276044165039060,6.354211206054690,-5.164292980957030,7.070077502441410,-5.315127685546880,7.216123803710940
raise,-3.4069489624023400,-8.920795385742190,-3.821145849609380,-9.0021982421875,-12.224793676757800,-11.994950317382800,-10.59194814453130,-13.941436267089800,-6.6893994384765600,-13.405135095214800,-4.881777185058590,-11.121066711425800,-3.536235852050780,-7.400477331542970,-2.521094348144530,-1.9512743530273400,-4.216189123535160,4.199429711914060,-3.5984850952148400,5.626373901367190,-4.680664245605470,6.177040283203130,-5.293579870605470,6.710947253417970,-5.377376928710940,6.993463049316410,-5.4515971801757800,7.000645654296880
raise,-3.2800562744140600,-9.2320416015625,-3.153163586425780,-9.236830004882810,-3.8762124877929700,-9.325415466308590,-8.396465222167970,-10.321403356933600,-11.832144604492200,-12.84489190673830,-9.672574707031250,-15.073893652343700,-6.320692382812500,-13.912705847168000,-3.469198205566410,-10.077194787597700,-2.0829554443359400,-4.589684582519530,-1.7836802368164100,2.473210314941410,-2.50912333984375,5.966350537109380,-3.622427111816410,7.038952880859380,-4.73094248046875,7.438784558105470,-5.655104321289060,7.548917834472660
raise,-4.00310517578125,-9.60793126220703,-3.725377783203130,-9.545682019042970,-4.534617944335940,-9.586383447265630,-7.4770917846679700,-10.97502041015630,-11.145008728027300,-13.546392993164100,-7.764395983886720,-14.247894079589800,-5.827486840820310,-10.500968481445300,-2.1906945190429700,-5.9950809570312500,-2.9951462768554700,-1.5634136840820300,-4.273649963378910,0.9576806640625,-6.730100866699220,3.3710359375,-6.988674645996090,4.161122485351560,-7.682993127441410,4.364629626464840,-7.615955480957030,4.3239281982421900
raise,-10.805032092285200,-10.409988818359400,-11.903970654296900,-12.435483422851600,-8.487444885253910,-12.9861498046875,-5.6024318847656200,-9.105148913574220,-4.106055847167970,-5.635950708007810,-3.9887399658203100,-1.924938134765630,-4.417302062988280,2.4899697265625,-5.351040710449220,4.7764323120117200,-4.534617944335940,6.490680700683590,-5.446808776855470,6.212953308105470,-6.208164904785160,6.227318518066410,-6.452373474121090,6.430825659179690,-6.385335827636720,6.394912634277340,-6.797138513183590,6.275202551269530
lower,-7.378929516601560,4.3263223999023400,-4.8698061767578100,4.146757275390630,-3.153163586425780,2.2026655273437500,-3.1962592163085900,-0.1197100830078130,-5.039794494628910,-3.086125939941410,-9.325415466308590,-8.422801440429690,-10.192116467285200,-10.771513269043000,-8.633491186523440,-12.715605017089800,-6.677428430175780,-11.463437548828100,-5.384559533691410,-9.995791931152340,-4.800374328613280,-9.457096557617190,-4.106055847167970,-9.909600671386720,-2.205059729003910,-9.792284790039060,-1.9656395629882800,-9.497797985839840
lower,-7.141903552246090,5.511452221679690,-6.909665991210940,5.068524914550780,-6.320692382812500,5.008669873046880,-5.662286926269530,4.192247106933590,-5.2456958374023400,3.3710359375,-3.8953661010742200,0.34237083740234400,-6.1459156616210900,-1.7549498168945300,-4.113238452148440,-7.1035963256835900,-6.315903979492190,-10.13226142578130,-7.75721337890625,-15.531186169433600,-9.172186560058590,-13.970166687011700,-6.663063220214840,-11.911153259277300,-2.7054478759765600,-9.696516723632810,-0.3758896606445310,-9.600748657226560
lower,-6.8976949829101600,5.849034655761720,-6.79953271484375,5.6024318847656200,-6.361393811035160,5.659892724609370,-4.548983154296880,4.742913488769530,-2.384624853515630,1.1707646118164100,-3.0909143432617200,0.19871873779296900,-4.88417138671875,-2.612074011230470,-10.105925207519500,-6.179434484863280,-10.905588562011700,-14.451401220703100,-8.480262280273440,-13.682862487793000,-5.082890124511720,-11.48498536376950,-2.379836450195310,-9.90241806640625,-2.6001030029296900,-10.062829577636700,-1.189918225097660,-9.883264453125
lower,-6.986280444335940,4.687846850585940,-7.218518005371090,5.231330627441410,-6.6510922119140600,5.609614489746090,-6.433219860839840,5.549759448242190,-4.7931917236328100,3.9456443359375000,-1.7381904052734400,2.3032219970703100,1.838746875,-2.7054478759765600,-5.518634826660160,-5.9376201171875,-8.307879760742190,-12.866439721679700,-8.597578161621090,-19.6133,-9.550470422363280,-13.500903161621100,-5.4515971801757800,-11.959037292480500,-3.9719805541992200,-10.364498986816400,-1.1276689819335900,-9.674968908691410
lower,-7.637503295898440,5.090072729492190,-7.3837179199218700,5.298368273925780,-7.096413720703130,4.910507604980470,-6.924031201171880,4.833893151855470,-6.622361791992190,4.321533996582030,-5.327098693847660,3.4165257690429700,-1.2617442749023400,0.5578489868164060,-3.0358477050781200,-1.5131354492187500,-5.305550878906250,-5.829881042480470,-8.971073620605470,-11.195286962890600,-7.709329345703120,-17.1999447265625,-10.740388647460900,-13.206416357421900,-4.07971962890625,-10.89122335205080,-4.460397692871090,-10.594342346191400
lower,-6.940790612792970,3.7205893798828100,-5.626373901367190,3.9647979492187500,-4.4005426513671900,1.6927005737304700,-3.5601778686523400,-0.3495534423828130,-1.9416975463867200,-3.69664736328125,-6.4475850708007800,-9.306261853027340,-6.7085530517578100,-16.826449267578100,-11.504138977050800,-16.52238565673830,-5.279214660644530,-12.509703674316400,-5.746083984375,-11.10191309814450,-1.9488801513671900,-10.441113439941400,-0.55545478515625,-9.662997900390630,-0.37828386230468700,-9.686939916992190,-0.26336218261718700,-9.397241516113280
lower,-8.154650854492190,4.089296435546880,-7.893682873535160,4.441244079589840,-6.289567761230470,4.187458703613280,-5.197811804199220,3.7708676147460900,-2.480392919921880,1.3048399047851600,-1.2952630981445300,-0.9026140258789060,-2.4061726684570300,-4.199429711914060,-8.142679846191410,-9.622296472167970,-9.919177478027340,-17.89426320800780,-10.828974108886700,-15.684415075683600,-4.695029455566410,-10.467449658203100,-3.8666356811523400,-10.050858569335900,-1.9632453613281200,-10.012551342773400,-1.0797849487304700,-9.5384994140625
lower,-5.128379956054690,1.8339584716796900,-5.013458276367190,3.6080619018554700,-5.386953735351560,4.091690637207030,-5.604826086425780,3.921702319335940,-4.898536596679690,3.957615344238280,-3.210624426269530,1.9895815795898400,-1.7621324218750000,-1.5586252807617200,0.1292868896484380,-4.295197778320310,-10.536881506347700,-9.471461767578130,-5.03740029296875,-19.6133,-12.701239807128900,-16.728286999511700,-3.39018955078125,-11.480196960449200,-4.378994836425780,-11.022904443359400,-1.120486376953130,-10.077194787597700
lower,-6.969521032714840,4.829104748535160,-4.510675927734380,2.7437551025390600,-0.06703764648437500,0.3950432739257810,-2.3343466186523400,-2.6336218261718700,-7.560888842773440,-7.096413720703130,-9.588777648925780,-15.042769030761700,-9.193734375,-16.907852124023400,-6.236895324707030,-12.363657373046900,-3.5386300537109400,-11.343727465820300,-3.1579519897460900,-10.038887561035200,-1.4628572143554700,-9.871293444824220,-0.6296750366210940,-9.655815295410160,-0.5027823486328130,-9.619902270507810,-1.6543933471679700,-9.765948571777340
lower,-6.318298181152340,5.2648494506835900,-6.797138513183590,5.008669873046880,-6.0333881835937500,5.0014872680664100,-2.31758720703125,3.172317199707030,-0.7302315063476560,-0.22744915771484400,-1.6998831787109400,-2.6791116577148400,-6.9336080078125000,-6.806715319824220,-9.861716638183590,-14.020444921875000,-9.86411083984375,-16.2039568359375,-7.445967163085940,-12.674903588867200,-4.88417138671875,-10.723629235839800,-2.6695348510742200,-9.859322436523440,-2.04943662109375,-10.024522351074200,-2.2936451904296900,-9.502586389160160
lower,-5.592855078125,0.59376201171875,-6.217741711425780,1.9823989746093700,-6.849810949707030,2.7198130859375,-6.715735656738280,2.6958710693359400,-4.99909306640625,2.1835119140625000,-2.8227637573242200,0.6177040283203130,-4.620809204101560,-1.0534487304687500,-7.017405065917970,-4.1946413085937500,-8.130708837890630,-7.912836486816410,-7.606378674316410,-10.867281335449200,-8.264784130859370,-11.961431494140600,-6.591237170410160,-11.520898388671900,-5.566518859863280,-10.448296044921900,-4.108450048828130,-10.299855541992200
lower,-6.849810949707030,3.744531396484380,-5.743689782714840,2.906560815429690,-5.853823059082030,1.8626888916015600,-5.240907434082030,0.23223756103515600,-4.177881896972660,-3.342305517578130,-7.630320690917970,-5.4707507934570300,-8.664615808105470,-9.598354455566410,-8.616731774902340,-11.226411584472700,-8.722076647949220,-10.692504614257800,-6.373364819335940,-11.176133349609400,-4.766855505371090,-11.312602844238300,-2.568978381347660,-11.2240173828125,-2.3319524169921900,-9.200916979980470,-2.0829554443359400,-9.325415466308590
lower,-4.44363828125,1.66636435546875,-5.889736083984380,3.375824340820310,-6.459556079101560,3.584119885253910,-5.781997009277340,2.961627453613280,-5.027823486328130,2.712630480957030,-4.410119458007810,1.5969325073242200,-4.716577270507810,-0.6344634399414060,-5.717353564453120,-3.2130186279296900,-6.076483813476560,-8.341398583984380,-10.63025537109380,-13.479355346679700,-10.223241088867200,-13.692439294433600,-5.123591552734380,-11.089942089843700,-4.295197778320310,-10.402806213378900,-3.5410242553710900,-9.945513696289060
lower,-6.888118176269530,3.8857892944335900,-7.589619262695310,3.9408559326171900,-6.9527616210937500,3.6942531616210900,-5.492298608398440,3.995922570800780,-4.805162731933590,2.839523168945310,-3.2561142578125,1.20667763671875,-3.220201232910160,-1.649604943847660,-5.758054992675780,-6.050147595214840,-7.230489013671880,-10.599130749511700,-7.4411787597656200,-15.260641381835900,-8.384494213867190,-13.338097448730500,-4.80755693359375,-11.975796704101600,-4.486733911132810,-10.673351000976600,-3.555389465332030,-9.76116016845703
lower,-5.705382556152340,1.7477672119140600,-6.888118176269530,3.699041564941410,-6.849810949707030,4.273649963378910,-6.347028601074220,3.727771984863280,-6.418854650878910,3.845087866210940,-6.8569935546875,3.0262708984375000,-4.529829541015630,1.6519991455078100,-1.697488977050780,-0.5410895751953120,-4.2329485351562500,-4.3813890380859400,-8.06367119140625,-9.260772021484380,-9.267954626464840,-13.998897106933600,-8.389282617187500,-13.898340637207000,-5.88015927734375,-11.305420239257800,-4.967968444824220,-10.702081420898400
lower,-6.600813977050780,1.7836802368164100,-6.356605407714840,2.4899697265625,-6.349422802734380,3.440467785644530,-7.062894897460940,3.5122938354492200,-6.713341455078120,3.4332851806640600,-4.386177441406250,1.2569558715820300,-2.3415292236328100,-0.062249243164062500,-2.059013427734380,-4.678270043945310,-10.105925207519500,-7.453149768066410,-11.824961999511700,-14.865598107910200,-7.153874560546880,-15.818490368652300,-5.576095666503910,-11.640608471679700,-3.9719805541992200,-10.694898815918000,-3.6343981201171900,-9.600748657226560
lower,-6.445190869140630,3.323151904296880,-5.760449194335940,3.5889082885742200,-5.971138940429690,3.5386300537109400,-4.8314989501953100,3.4931402221679700,-3.81156904296875,2.2026655273437500,-2.9041666137695300,-0.01915361328125,-2.858676782226560,-3.347093920898440,-5.561730456542970,-7.9104422851562500,-8.10197841796875,-13.96298408203130,-12.490550061035200,-15.028403820800800,-8.192958081054690,-12.186486450195300,-5.9783215454101600,-8.614337573242190,-3.6727053466796900,-9.296685046386720,-3.4093431640625,-9.279925634765620
lower,-8.058882788085940,2.612074011230470,-8.185775476074220,2.8107927490234400,-7.474697583007810,2.6910826660156200,-5.662286926269530,1.7573440185546900,-3.0166940917968700,-0.45010991210937500,-1.5825672973632800,-1.0534487304687500,-4.5968671875,-3.411737365722660,-6.6151791870117200,-8.966285217285160,-9.86411083984375,-13.196839550781200,-8.09479581298828,-14.997279199218700,-6.792350109863280,-12.842497705078100,-3.4931402221679700,-10.824185705566400,-2.375048046875,-10.129867224121100,-2.1068974609375000,-8.647856396484380
lower,-7.4603323730468700,3.356670727539060,-8.367734802246090,3.536235852050780,-8.346186987304690,3.019088293457030,-8.066065393066410,2.817975354003910,-7.218518005371090,2.7653029174804700,-5.95677373046875,1.0821791503906200,-2.4588451049804700,-0.36152445068359400,-3.3255461059570300,-1.4341267944335900,-5.7700260009765600,-5.2648494506835900,-10.520122094726600,-10.790666882324200,-7.857769848632810,-17.34599102783200,-8.667010009765620,-12.820949890136700,-5.027823486328130,-11.288660827636700,-3.526659045410160,-9.751583361816410
lower,-8.645462194824220,1.9033903198242200,-6.739677673339840,1.2018892333984400,-0.16998831787109400,0.3591302490234380,-1.6112977172851600,-2.3822306518554700,-5.487510205078130,-6.330269189453130,-10.263942517089800,-9.835380419921870,-10.874463940429700,-12.428300817871100,-8.769960681152340,-11.748347546386700,-6.349422802734380,-10.771513269043000,-5.032611889648440,-10.01015714111330,-3.6727053466796900,-9.583989245605470,-3.086125939941410,-9.634267480468750,-2.817975354003910,-9.394847314453130,-2.6479870361328100,-9.452308154296870