Class,x1,y1,z1,a1,b1,c1,x2,y2,z2,a2,b2,c2,x3,y3,z3,a3,b3,c3,x4,y4,z4,a4,b4,c4,x5,y5,z5,a5,b5,c5,x6,y6,z6,a6,b6,c6,x7,y7,z7,a7,b7,c7,x8,y8,z8,a8,b8,c8,x9,y9,z9,a9,b9,c9,x10,y10,z10,a10,b10,c10,x11,y11,z11,a11,b11,c11,x12,y12,z12,a12,b12,c12,x13,y13,z13,a13,b13,c13,x14,y14,z14,a14,b14,c14
TRUE,-0.8643067993164060,-9.679757312011720,-3.1699229980468700,-1.4885496183206100,18.366412213740500,-7.404580152671760,-0.7996633544921880,-9.763554370117190,-3.1268273681640600,-0.2824427480916030,16.129770992366400,-8.618320610687020,-0.8283937744140630,-9.945513696289060,-2.882618798828130,-1.1221374045801500,18.82442748091600,-6.862595419847330,-1.1061211669921900,-9.512163195800780,-2.7557261108398400,-0.17557251908396900,17.778625954198500,-5.198473282442750,-0.7038952880859380,-9.79946739501953,-3.347093920898440,5.625954198473280,16.27480916030530,-9.488549618320610,-1.3862427612304700,-9.976638317871090,-3.1172505615234400,5.603053435114500,-3.946564885496180,-5.122137404580150,-6.062118603515630,-14.51125626220700,-5.935225915527340,-10.374045801526700,-10.022900763358800,56.64885496183210,-10.249577307128900,-18.294094885253900,-8.14028564453125,-113.94656488549600,-7.717557251908400,191.54198473282400,-2.5043349365234400,-14.391546179199200,-3.1459809814453100,-217.98473282442700,58.19847328244280,246.67175572519100,0.05027823486328130,-3.6056677001953100,-2.7054478759765600,-228.12213740458000,-43.045801526717600,132.3969465648860,-0.7230489013671880,5.916072302246090,1.47482822265625,-51.847328244274800,1.0458015267175600,6.9541984732824400,-5.166687182617190,5.868188269042970,-0.9433154541015630,-6.0534351145038200,-17.16030534351150,-23.17557251908400,-6.919242797851560,5.444414575195310,-1.5873557006835900,4.221374045801530,14.893129770992400,-20.450381679389300,-7.570465649414060,5.0948611328125000,-2.9281086303710900,5.076335877862600,24.442748091603100,-12.725190839694700
FALSE,-8.894459167480470,-1.1156979736328100,-3.2824504760742200,-1.1450381679389300,18.18320610687020,-8.618320610687020,-8.920795385742190,-1.3239935180664100,-3.2537200561523400,-1.984732824427480,18.61832061068700,-7.374045801526720,-9.03332286376953,-1.35990654296875,-3.447650390625,-2.3893129770992400,16.34351145038170,-7.358778625954200,-8.86812294921875,-1.1013327636718700,-3.0406361083984400,-9.465648854961830,31.595419847328200,-5.396946564885500,-9.18655177001953,-1.24498486328125,-5.853823059082030,13.633587786259500,-34.732824427480900,-12.877862595419800,-7.864952453613280,-0.3687070556640630,-0.469263525390625,-16.374045801526700,73.45801526717560,-20.984732824427500,-9.270348828125,-0.9624690673828130,-6.87614716796875,34.282442748091600,-38.50381679389310,-15.82442748091600,-7.788338000488280,-1.6927005737304700,-1.4101847778320300,-24.27480916030530,96.52671755725190,0.37404580152671800,-7.769184387207030,-1.3072341064453100,0.0430956298828125,9.694656488549620,22.17557251908400,-8.778625954198470,-5.6191912963867200,-0.5530605834960940,5.820304235839840,-19.50381679389310,128.51908396946600,-27.84732824427480,-10.295067138671900,-0.9552864624023440,-7.3861121215820300,9.49618320610687,-75.21374045801530,-21.450381679389300,-7.9463553100585900,-1.4030021728515600,-0.19871873779296900,-13.17557251908400,122.37404580152700,-6.641221374045800,-8.700528833007810,-1.838746875,0.7517793212890620,7.511450381679390,-35.99236641221370,-6.038167938931300,-9.775525378417970,-1.0654197387695300,-4.254496350097660,-10.770992366412200,-91.79389312977100,-7.519083969465650
FALSE,-8.942343200683590,-1.2018892333984400,-3.4931402221679700,0.2595419847328240,16.68702290076340,-6.061068702290080,-9.900023864746090,-0.8978256225585940,-2.636016027832030,-6.351145038167940,28.82442748091600,-11.65648854961830,-9.131485131835940,-0.7445967163085940,-2.1978771240234400,-5.702290076335880,16.236641221374000,-9.50381679389313,-9.176974963378910,-1.599326708984380,-6.809109521484370,8.450381679389310,1.633587786259540,-3.5801526717557300,-7.551312036132810,-0.5865794067382810,0.4333505004882810,-12.717557251908400,77.86259541984730,-4.122137404580150,-8.827421520996090,-2.1883003173828100,-0.5985504150390630,-0.7175572519083970,-70.81679389312980,-11.0,-9.753977563476560,0.33039982910156200,-10.977414611816400,13.114503816793900,-15.48091603053440,9.49618320610687,-6.2392895263671900,-0.6057330200195310,8.508992700195310,-11.938931297709900,135.55725190839700,-18.076335877862600,-10.893617553710900,0.8714894042968750,-6.028599780273440,-35.9236641221374,-109.80152671755700,-40.18320610687020,-7.445967163085940,-2.166752502441410,-6.6510922119140600,21.068702290076300,100.6793893129770,9.366412213740460,-8.145074047851560,-1.8650830932617200,5.911283898925780,-2.5572519083969500,-26.00763358778630,-14.595419847328200,-9.425971936035160,0.37828386230468700,-17.391480859375000,25.580152671755700,-100.79389312977100,-20.213740458015300,-5.899312890625,-1.6232687255859400,2.29843359375,9.83206106870229,250.12977099236600,-7.549618320610690,-9.366116894531250,-1.8435352783203100,-2.6575638427734400,-21.31297709923660,-150.0,-10.13740458015270
FALSE,4.728548278808590,-8.305485559082030,-4.7022120605468700,-0.6870229007633590,15.053435114503800,-10.122137404580200,4.805162731933590,-8.422801440429690,-4.302380383300780,-6.763358778625950,34.41984732824430,-9.580152671755730,4.9823336547851600,-8.518569506835940,-5.8083332275390600,-10.206106870229000,52.85496183206110,-4.595419847328250,5.2433016357421900,-8.10197841796875,-5.805939025878910,31.87786259541990,-165.55725190839700,-11.13740458015270,2.7940333374023400,-8.212111694335940,-10.058041174316400,-7.129770992366410,25.801526717557300,-7.7251908396946600,6.277596752929690,-7.905653881835940,2.8323405639648400,-23.16793893129770,125.0381679389310,-19.870229007633600,3.9911341674804700,-8.341398583984380,-4.297591979980470,2.7099236641221400,-64.6793893129771,-8.267175572519090,4.046200805664060,-8.188169677734370,-5.762843395996090,-28.068702290076300,46.98473282442750,-0.3053435114503820,4.6255976074218700,-8.118737829589840,-10.225635290527300,27.46564885496180,-135.06106870229000,4.801526717557250,5.434837768554690,-7.563283044433590,4.726154077148440,-33.465648854961800,146.36641221374000,-37.267175572519100,3.038241906738280,-8.84178673095703,-12.564770312500000,56.17557251908400,-250.13740458015300,8.961832061068700,6.086060620117190,-8.36294639892578,-1.2808978881835900,-37.091603053435100,219.15267175572500,-19.84732824427480,3.921702319335940,-8.243236315917970,-3.3399113159179700,-7.877862595419850,37.770992366412200,-4.480916030534350,3.3782185424804700,-8.623914379882810,-8.48505068359375,32.229007633587800,-134.7175572519080,3.900763358778630
FALSE,-1.8842367065429700,-5.240907434082030,-7.697358337402340,-37.56488549618320,-123.45038167938900,-48.36641221374050,-3.687070556640630,-4.853046765136720,-6.76122548828125,5.290076335877860,-81.06870229007630,-47.06106870229010,-3.1411925781250000,-5.0182466796875,-12.466608044433600,15.312977099236600,30.99236641221370,14.541984732824400,-2.3223756103515600,-5.430049365234380,2.9376854370117200,-11.312977099236600,130.55725190839700,0.6412213740458020,-5.499481213378910,-5.164292980957030,-7.68059892578125,-2.381679389312980,-116.44274809160300,-18.236641221374000,-7.244854223632810,-4.783614916992190,-14.214375256347700,-2.5343511450381700,-54.29770992366410,-20.793893129771000,-5.609614489746090,-4.551377355957030,-13.409923498535200,-0.9770992366412210,-31.435114503816800,-20.900763358778600,-3.248931652832030,-5.360617517089840,-8.726865051269530,4.152671755725190,44.98473282442750,0.20610687022900800,-3.5338416503906200,-5.209782812500000,-7.501033801269530,0.9923664122137400,74.7557251908397,5.938931297709920,-3.7158009765625,-4.970362646484380,-5.542576843261720,-4.068702290076340,64.95419847328250,-1.0458015267175600,-4.00310517578125,-5.185840795898440,-6.892906579589840,1.7404580152671800,66.99236641221370,9.549618320610690,-4.7764323120117200,-4.759672900390620,-7.105990527343750,-6.213740458015270,10.625954198473300,-13.893129770992400,-4.094084838867190,-5.023035083007810,-10.539275708007800,4.404580152671760,-23.595419847328200,-10.412213740458000,-4.386177441406250,-4.809951135253910,-6.354211206054690,-6.824427480916030,73.37404580152670,-6.152671755725190
FALSE,-3.725377783203130,-4.608838195800780,-8.935160595703120,-2.2748091603053400,16.297709923664100,-12.755725190839700,-3.6200329101562500,-4.963180041503910,-8.506598498535160,-2.4198473282442700,18.412213740458000,-6.458015267175570,-4.007893579101560,-4.6255976074218700,-9.689334118652340,3.0839694656488500,-11.366412213740500,-6.297709923664120,-5.410895751953130,-4.630386010742190,-5.427655163574220,-9.458015267175570,-82.03053435114500,-39.0,-3.3494881225585900,-5.343858105468750,-6.60799658203125,0.06870229007633590,171.15267175572500,22.47328244274810,-5.600037683105470,-4.707000463867190,-6.059724401855470,-6.442748091603050,-81.77862595419850,-26.19083969465650,-2.463633508300780,-5.216965417480470,-11.774683764648400,7.885496183206110,103.76335877862600,15.725190839694700,-3.967192150878910,-4.496310717773440,0.44053310546875000,-7.0534351145038200,68.05343511450380,-14.106870229007600,-5.68862314453125,-4.510675927734380,-16.86715069580080,1.083969465648860,-141.48091603053400,-25.3206106870229,-3.0621839233398400,-5.42047255859375,-5.2624552490234400,-3.7786259541984700,200.72519083969500,16.198473282442700,-4.192247106933590,-5.042188696289060,-4.5968671875,-2.9923664122137400,-85.54961832061070,-27.114503816793900,-5.422866760253910,-4.73094248046875,-16.412252380371100,-0.5954198473282440,-38.93893129770990,-9.717557251908400,-3.1124621582031200,-4.994304663085940,-2.195482922363280,-6.755725190839690,161.78625954198500,6.229007633587790,-4.963180041503910,-4.726154077148440,-7.733271362304690,-3.7480916030534400,-90.92366412213740,-24.52671755725190
FALSE,-8.042123376464840,-2.4756045166015600,-4.639962817382810,-3.5114503816793900,18.366412213740500,-4.801526717557250,-8.042123376464840,-2.3965958618164100,-5.154716174316410,-1.4732824427480900,16.923664122137400,-5.015267175572520,-8.257601525878910,-2.360682836914060,-4.932055419921880,-1.5267175572519100,17.419847328244300,-6.450381679389310,-8.010998754882810,-2.4013842651367200,-5.111620544433590,-2.068702290076340,18.931297709923700,-7.809160305343510,-8.118737829589840,-2.3295582153320300,-4.924872814941410,-0.03816793893129770,18.404580152671800,-6.5038167938931300,-8.145074047851560,-2.288856787109380,-5.1714755859375000,-2.0,19.022900763358800,-7.419847328244280,-8.12113203125,-2.272097375488280,-5.011064074707030,-1.7938931297709900,18.671755725190800,-7.709923664122140,-8.092401611328130,-2.152387292480470,-5.090072729492190,-1.6488549618320600,18.633587786259500,-7.809160305343510,-8.147468249511720,-2.250549560546880,-5.149927770996090,-1.4961832061068700,18.427480916030500,-8.030534351145040,-8.037334973144530,-2.2864625854492200,-4.951209033203130,-1.3358778625954200,18.389312977099200,-7.580152671755730,-8.039729174804690,-2.319981408691410,-5.061342309570310,-0.6641221374045800,17.916030534351100,-8.801526717557250,-8.2743609375,-2.384624853515630,-5.305550878906250,1.4274809160305300,17.106870229007600,-11.297709923664100,-8.226476904296870,-2.473210314941410,-4.912901806640630,1.450381679389310,15.992366412213700,-12.595419847328200,-7.790732202148440,-2.29843359375,-4.604049792480470,-0.16030534351145000,15.84732824427480,-7.694656488549620
FALSE,-8.621520178222660,-2.408566870117190,-3.4835634155273400,-1.8702290076335900,15.335877862595400,-7.99236641221374,-8.513781103515620,-2.3223756103515600,-4.039018200683590,-1.0381679389313000,17.541984732824400,-6.67175572519084,-8.269572534179690,-2.0829554443359400,-3.27526787109375,-16.290076335877900,-15.969465648855000,10.610687022900800,-8.729259252929690,-1.6160861206054700,-3.9240965209960900,8.786259541984730,63.61068702290080,-19.53435114503820,-8.633491186523440,-2.442085693359380,-4.668693237304690,-10.053435114503800,-46.10687022900760,-4.435114503816790,-8.863334545898440,-0.8571241943359380,-0.9792284790039060,-9.297709923664120,92.27480916030530,-21.045801526717600,-8.698134631347660,-2.185906115722660,-6.964732629394530,1.8625954198473300,-33.80152671755730,-6.1603053435114500,-8.559270935058590,-2.269703173828130,0.46208092041015600,-10.274809160305300,42.61832061068700,-17.297709923664100,-8.540117321777340,-2.3343466186523400,-6.1842228881835900,4.0,44.44274809160310,-9.603053435114500,-8.698134631347660,-3.2154128295898400,-4.800374328613280,-4.717557251908400,-88.69465648854960,5.595419847328250,-8.66940421142578,-0.9002198242187500,-0.3016694091796880,-22.557251908396900,122.31297709923700,-16.862595419847300,-7.941566906738280,-2.1715409057617200,-9.196128576660160,20.893129770992400,17.732824427480900,-4.206106870229010,-8.13310303955078,-3.1651345947265600,-0.737414111328125,-11.206106870229000,-43.770992366412200,6.9465648854961800,-9.576806640625,-2.2170307373046900,-7.024587670898440,5.66412213740458,52.282442748091600,-13.389312977099200
FALSE,-8.47786807861328,-1.7621324218750000,-4.73094248046875,-2.7099236641221400,19.114503816793900,-8.259541984732820,-9.279925634765620,-2.4851813232421900,-4.8123453369140600,-0.6870229007633590,17.19083969465650,-6.923664122137410,-8.722076647949220,-1.66636435546875,-4.5585599609375,-2.564885496183210,17.328244274809200,-11.213740458015300,-8.449137658691410,-1.4915876342773400,-5.111620544433590,-0.7404580152671760,21.83969465648860,-19.053435114503800,-8.339004382324220,-1.5107412475585900,-5.343858105468750,5.183206106870230,37.43511450381680,-15.389312977099200,-7.9655089233398400,-3.687070556640630,-5.549759448242190,19.435114503816800,21.53435114503820,-17.00763358778630,-8.200140686035160,-3.5529952636718700,-4.6998178588867200,-12.83969465648860,-8.251908396946570,4.572519083969470,-8.623914379882810,-1.5945383056640600,-3.430890979003910,-8.893129770992370,17.49618320610690,-5.526717557251910,-8.573636145019530,-1.4700398193359400,-3.5913024902343700,3.984732824427480,30.732824427480900,-11.022900763358800,-9.07163009033203,-2.786850732421880,-4.790797521972660,9.229007633587790,36.33587786259540,-11.992366412213700,-7.819462622070310,-3.239354846191410,-4.910507604980470,-19.404580152671800,4.8396946564885500,-4.221374045801530,-9.066841687011720,-0.8882488159179690,-1.9943699829101600,-8.603053435114500,21.0381679389313,-7.3816793893129800,-8.240842114257810,-1.9656395629882800,-4.675875842285160,15.068702290076300,34.786259541984700,-12.19083969465650,-8.190563879394530,-2.308010400390630,-4.314351391601560,-15.473282442748100,8.34351145038168,-4.801526717557250
FALSE,-2.7533319091796900,5.432443566894530,-8.836998327636720,-1.297709923664120,8.259541984732820,-10.450381679389300,-2.6982652709960900,5.729324572753910,-7.762001782226560,3.1374045801526700,35.14503816793890,-7.5038167938931300,-3.7708676147460900,5.844246252441410,-10.254365710449200,-17.52671755725190,-11.870229007633600,-25.893129770992400,-2.8012159423828100,5.9017070922851600,-3.9935283691406200,11.854961832061100,15.213740458015300,-8.442748091603050,-2.1619640991210900,4.991910461425780,-12.847286108398400,2.6564885496183200,78.0,3.83206106870229,-2.8203695556640600,5.307945080566410,-6.490680700683590,0.816793893129771,-28.99236641221370,-4.847328244274810,-2.6695348510742200,5.439626171875,-11.176133349609400,-6.450381679389310,66.93129770992370,-6.419847328244280,-3.0047230834960900,5.190629199218750,-6.5768719604492200,-5.534351145038170,-38.7557251908397,-4.893129770992370,-2.70065947265625,5.518634826660160,-12.694057202148400,-8.961832061068700,70.12213740458020,-8.106870229007630,-2.291250988769530,5.626373901367190,-5.044582897949220,5.9465648854961800,7.267175572519080,-6.8396946564885500,-3.3590649291992200,5.310339282226560,-13.175291735839800,-11.702290076335900,-2.33587786259542,-4.213740458015270,-2.6336218261718700,5.4013189453125,-5.432443566894530,11.16793893129770,17.396946564885500,-5.595419847328250,-3.220201232910160,5.427655163574220,-13.136984509277300,-15.564885496183200,-9.572519083969470,-5.7251908396946600,-2.839523168945310,5.418078356933590,-5.628768103027340,11.572519083969500,-3.7480916030534400,-7.862595419847330
FALSE,-7.982268334960940,-3.6822821533203100,-5.9208607055664100,13.541984732824400,27.53435114503820,-23.557251908396900,-7.163451367187500,-2.3965958618164100,-6.062118603515630,23.931297709923700,14.053435114503800,-42.908396946564900,-9.478644372558590,-2.3774422485351600,-4.450820886230470,2.114503816793890,-29.84732824427480,-34.343511450381700,-7.687781530761720,-3.4811692138671900,-7.364564306640630,-2.8473282442748100,46.29770992366410,5.778625954198470,-7.8721350585937500,-3.1699229980468700,-1.5322890625000000,0.8320610687022900,-20.946564885496200,-6.961832061068700,-8.935160595703120,-3.1962592163085900,-9.255983618164060,17.625954198473300,-57.11450381679390,-5.572519083969470,-7.893682873535160,-3.3973721557617200,-6.081272216796880,-2.9923664122137400,70.32824427480920,-0.7862595419847330,-7.445967163085940,-2.252943762207030,-0.5506663818359370,-13.923664122137400,92.9618320610687,-12.251908396946600,-7.615955480957030,-3.31357509765625,-2.5522189697265600,-1.0381679389313000,7.229007633587790,-12.122137404580200,-8.434772448730470,-2.592920397949220,-7.395688928222660,11.251908396946600,-46.49618320610690,-11.98473282442750,-7.146691955566410,-3.229778039550780,-8.231265307617190,1.5725190839694700,-0.5114503816793890,-3.49618320610687,-7.793126403808590,-3.028665100097660,-2.6408044311523400,-12.916030534351100,78.16793893129770,-7.9465648854961800,-6.947973217773440,-2.480392919921880,-0.6871358764648440,-16.31297709923660,78.97709923664120,-11.16030534351150,-8.01818135986328,-3.1938650146484400,-4.805162731933590,3.267175572519080,-41.55725190839700,-4.351145038167940
FALSE,-7.644685900878910,-0.3447650390625,-6.58884296875,-3.282442748091600,17.587786259542000,-8.290076335877860,-8.564059338378910,-0.833182177734375,-5.566518859863280,-60.961832061068700,30.84732824427480,-13.893129770992400,-8.166621862792970,-1.4413093994140600,-7.8529814453125000,-14.038167938931300,29.52671755725190,11.709923664122100,-5.908889697265630,-0.3711012573242190,-6.227318518066410,28.03053435114500,71.74045801526720,24.49618320610690,-4.331110803222660,0.47644613037109400,-6.143521459960940,89.4885496183206,99.68702290076340,13.15267175572520,-2.7078420776367200,0.9265560424804690,-8.204929089355470,134.76335877862600,206.81679389313000,27.31297709923660,6.189011291503910,-5.513846423339840,-12.018892333984400,88.07633587786260,250.12977099236600,77.73282442748090,7.690175732421870,-8.008604553222660,-12.48097325439450,34.93893129770990,80.53435114503820,72.90839694656490,3.881000891113280,-6.114791040039060,-11.827356201171900,67.77862595419850,-250.13740458015300,-36.083969465648900,4.050989208984380,-7.161057165527340,-2.2290017456054700,-51.396946564885500,187.6412213740460,-41.29007633587790,3.9336733276367200,-6.777984899902340,-11.808202587890600,4.122137404580150,7.32824427480916,22.236641221374000,2.1619640991210900,-7.003039855957030,-9.433154541015630,68.45038167938930,-164.16030534351100,-16.31297709923660,3.0358477050781200,-7.781155395507810,-2.9951462768554700,23.458015267175600,25.6793893129771,-45.86259541984730,2.8227637573242200,-8.99501563720703,-14.542380883789100,-31.33587786259540,76.58015267175570,32.35114503816790
FALSE,-8.508992700195310,-1.9991583862304700,-4.6064439941406200,-1.6870229007633600,19.31297709923660,-8.534351145038170,-8.434772448730470,-1.6807295654296900,-4.302380383300780,-11.366412213740500,-11.198473282442700,-5.145038167938930,-7.862558251953130,-1.149216796875,-1.927332336425780,-10.80916030534350,43.954198473282400,-17.87786259541990,-8.865728747558590,-1.66636435546875,-6.842628344726560,15.358778625954200,13.870229007633600,0.9236641221374050,-8.195352282714840,-1.4915876342773400,-2.47081611328125,-12.893129770992400,-59.80916030534350,-15.030534351145000,-7.912836486816410,-1.1635820068359400,0.38786066894531200,-23.801526717557300,101.7557251908400,-22.778625954198500,-7.955932116699220,-2.0278888061523400,-8.9255837890625,11.641221374045800,17.82442748091600,13.435114503816800,-7.252036828613280,-0.9241618408203130,2.5139117431640600,-8.473282442748090,11.65648854961830,-6.885496183206110,-8.164227661132810,-1.838746875,-8.590395556640620,9.709923664122140,35.06870229007630,7.251908396946570,-7.541735229492190,-0.8547299926757810,2.059013427734380,-12.954198473282400,48.7557251908397,-14.992366412213700,-8.169016064453130,-1.5251064575195300,-10.330980163574200,10.114503816793900,-16.404580152671800,4.977099236641220,-6.330269189453130,-0.1292868896484380,2.8706477905273400,-30.282442748091600,137.9083969465650,-23.48854961832060,-8.834604125976560,-0.8188169677734380,-8.276755139160160,22.564885496183200,-94.2442748091603,-19.221374045801500,-8.259995727539060,-4.170699291992190,-4.987122058105470,-5.587786259541990,118.72519083969500,3.1068702290076300
FALSE,-8.283937744140630,-1.5346832641601600,-5.212177014160160,-0.7251908396946570,18.267175572519100,-9.251908396946570,-8.547299926757810,-1.20667763671875,-5.374982727050780,1.3587786259542000,-45.656488549618300,-8.351145038167940,-8.63827958984375,-1.946485949707030,-3.229778039550780,-6.809160305343510,20.595419847328200,-17.18320610687020,-9.028534460449220,-1.1276689819335900,-4.465186096191410,-16.091603053435100,18.17557251908400,4.343511450381680,-9.157821350097660,-1.369483349609380,-4.80755693359375,7.656488549618320,23.740458015267200,-5.961832061068700,-7.146691955566410,-1.8914193115234400,-4.302380383300780,3.66412213740458,45.06870229007630,-11.946564885496200,-7.151480358886720,-3.5338416503906200,-4.525041137695310,10.938931297709900,-10.312977099236600,-12.526717557251900,-9.358934289550780,-0.7924807495117190,-3.859453076171880,-9.34351145038168,6.648854961832060,-10.679389312977100,-9.327809667968750,-2.1260510742187500,-5.7149593627929700,17.31297709923660,27.53435114503820,-2.519083969465650,-8.300697155761720,-2.5809493896484400,-4.728548278808590,9.84732824427481,26.427480916030500,-11.51908396946570,-8.358157995605470,-2.863465185546880,-5.336675500488280,-12.526717557251900,11.717557251908400,-2.8625954198473300,-8.650250598144530,-1.4796166259765600,-4.50109912109375,1.6793893129771000,34.38167938931300,-15.580152671755700,-7.8553756469726600,-2.5641899780273400,-5.4515971801757800,5.809160305343510,20.84732824427480,-11.038167938931300,-8.394071020507810,-2.398990063476560,-4.920084411621090,-18.763358778626000,2.9236641221374000,-2.3740458015267200
FALSE,-8.410830432128910,-1.7166425903320300,-4.7931917236328100,-0.816793893129771,17.801526717557300,-11.17557251908400,-8.621520178222660,-1.659181750488280,-5.363011718750000,3.0,17.47328244274810,-7.809160305343510,-6.842628344726560,-1.5705962890625000,-4.630386010742190,8.419847328244280,55.97709923664120,-14.122137404580200,-7.869740856933590,-1.8148048583984400,-4.42448466796875,12.312977099236600,52.038167938931300,-15.34351145038170,-5.53539423828125,-4.129997863769530,-4.5585599609375,26.46564885496180,28.870229007633600,-38.54961832061070,-7.599196069335940,-4.340687609863280,-3.83072265625,-9.053435114503820,35.12977099236640,-4.694656488549620,-7.9463553100585900,-2.6096798095703100,-6.016628771972660,0.9236641221374050,18.19083969465650,-8.022900763358780,-8.051700183105470,-2.8371289672851600,-5.092466931152340,-2.3206106870229000,19.977099236641200,-8.229007633587790,-7.967903125000000,-2.7533319091796900,-5.432443566894530,-1.183206106870230,19.717557251908400,-7.99236641221374,-7.908048083496090,-2.9089550170898400,-5.2816088623046900,-0.9312977099236640,18.137404580152700,-8.572519083969470,-7.357381701660160,-3.1507693847656200,-5.195417602539060,-0.09923664122137400,19.61832061068700,-8.16030534351145,-7.898471276855470,-2.901772412109380,-5.252878442382810,-1.4045801526717600,18.35114503816790,-8.335877862595420,-7.888894470214840,-2.645592834472660,-5.511452221679690,-1.1068702290076300,20.091603053435100,-7.763358778625950,-7.876923461914060,-2.8203695556640600,-5.4899044067382800,-0.29770992366412200,19.358778625954200,-7.770992366412210
FALSE,3.746925598144530,-8.073247998046870,-6.277596752929690,7.290076335877860,17.68702290076340,-3.213740458015270,3.3494881225585900,-7.886500268554690,-6.639121203613280,9.648854961832060,-18.51145038167940,-18.82442748091600,2.70065947265625,-8.322244970703130,-6.41646044921875,15.450381679389300,-26.984732824427500,-19.27480916030530,3.1675287963867200,-8.626308581542970,-5.971138940429690,22.35114503816790,-57.29007633587790,-20.85496183206110,1.426944189453130,-9.342174877929690,-4.5585599609375,1.2213740458015300,-20.3206106870229,-25.053435114503800,1.4867992309570300,-8.429984045410160,-6.263231542968750,3.618320610687020,-0.40458015267175600,-4.152671755725190,2.0254946044921900,-8.966285217285160,-5.645527514648440,-12.297709923664100,93.40458015267180,16.778625954198500,2.0278888061523400,-8.604760766601560,-7.321468676757810,-2.8244274809160300,55.083969465648900,-2.045801526717560,1.2832920898437500,-8.341398583984380,-6.375759020996090,16.870229007633600,-84.20610687022900,-34.900763358778600,2.104503259277340,-8.729259252929690,-5.576095666503910,-0.8702290076335880,17.38167938931300,0.19083969465648900,1.5682020874023400,-8.494627490234380,-5.949591125488280,5.122137404580150,13.618320610687000,-18.129770992366400,1.438915197753910,-8.84178673095703,-5.724536169433590,10.610687022900800,18.137404580152700,-8.748091603053440,1.4221557861328100,-8.37012900390625,-5.616797094726560,12.251908396946600,-0.7862595419847330,-11.351145038167900,1.446097802734380,-8.98304462890625,-5.377376928710940,13.687022900763400,-8.931297709923660,-12.86259541984730
FALSE,-1.0941501586914100,6.598419775390620,-8.044517578125,-3.6793893129771000,28.259541984732800,-13.664122137404600,-1.2521674682617200,6.306327172851560,-8.219294299316410,-3.8473282442748100,27.85496183206110,-19.69465648854960,-0.8786720092773440,5.303156677246090,-8.588001354980470,10.053435114503800,17.091603053435100,-9.709923664122140,-1.01514150390625,6.459556079101560,-8.724470849609380,26.18320610687020,15.259541984732800,19.46564885496180,0.143652099609375,6.5768719604492200,-8.355763793945310,0.8549618320610690,13.885496183206100,-14.83969465648860,-0.8978256225585940,5.9376201171875,-9.610325463867190,2.2290076335877900,34.05343511450380,-33.12977099236640,1.2832920898437500,5.511452221679690,-7.651868505859370,-3.16793893129771,46.86259541984730,-29.18320610687020,-0.40940848388671900,5.9591679321289100,-8.315062365722660,-9.13740458015267,23.954198473282400,-30.96946564885500,-0.5458779785156250,6.016628771972660,-7.575254052734370,-5.038167938931300,43.12213740458020,-15.770992366412200,-1.3527239379882800,5.875370874023440,-8.932766394042970,-5.938931297709920,22.50381679389310,-15.076335877862600,-0.8116343627929690,5.403713146972660,-8.63109698486328,-3.2442748091603100,27.389312977099200,-7.580152671755730,-0.9528922607421880,5.966350537109380,-8.894459167480470,-0.6870229007633590,11.34351145038170,-15.67175572519080,-0.9600748657226560,5.9591679321289100,-9.337386474609370,0.9389312977099240,10.030534351145000,-28.557251908396900,-1.7357962036132800,5.568913061523440,-9.306261853027340,-1.8091603053435100,-0.5877862595419850,-36.404580152671800
FALSE,-7.474697583007810,5.078101721191410,-0.4836287353515630,-3.633587786259540,18.244274809160300,-3.946564885496180,-6.8210805297851600,4.551377355957030,-0.0047884033203125,-4.709923664122140,32.38167938931300,15.86259541984730,-7.223306408691410,6.112396838378910,-0.7206546997070310,3.4580152671755700,42.152671755725200,4.0534351145038200,-7.812280017089840,5.896918688964840,-1.6831237670898400,0.6259541984732830,11.854961832061100,-20.900763358778600,-7.481880187988280,5.434837768554690,-1.0582371337890600,0.1297709923664120,14.404580152671800,-11.16030534351150,-7.436390356445310,5.463568188476560,-1.2042834350585900,-1.6564885496183200,20.770992366412200,-9.687022900763360,-7.4794859863281200,5.348646508789060,-1.1827356201171900,0.03816793893129770,11.641221374045800,-10.816793893129800,-7.56567724609375,5.355829113769530,-1.1252747802734400,-0.7099236641221370,13.16030534351150,-7.961832061068700,-7.536946826171870,5.298368273925780,-1.3096283081054700,0.48091603053435100,14.679389312977100,-7.022900763358780,-7.48906279296875,5.418078356933590,-1.3311761230468700,-1.9541984732824400,15.931297709923700,-8.251908396946570,-7.501033801269530,5.295974072265630,-1.0941501586914100,0.1984732824427480,15.49618320610690,-8.312977099236640,-7.235277416992190,5.370194323730470,-0.9217676391601560,0.061068702290076300,18.763358778626000,-6.1679389312977100,-6.672640026855470,5.355829113769530,-0.9265560424804690,0.03816793893129770,37.770992366412200,-4.206106870229010,-7.589619262695310,5.710170959472660,-1.6017209106445300,1.465648854961830,27.229007633587800,-12.099236641221400
FALSE,-10.005368737793000,0.20350714111328100,-1.0271125122070300,-19.206106870229000,6.175572519083970,-67.1145038167939,-10.237606298828100,-0.7805097412109370,-1.8267758666992200,-2.053435114503820,10.526717557251900,-26.076335877862600,-9.028534460449220,0.09337386474609370,0.05027823486328130,-3.3053435114503800,13.923664122137400,-21.259541984732800,-8.762778076171880,-0.26815058593750000,-0.19393033447265600,-1.7786259541984700,24.85496183206110,-8.251908396946570,-9.210493786621090,-0.44053310546875000,-0.8403647827148440,-2.7938931297709900,20.221374045801500,-13.84732824427480,-9.236830004882810,-0.5530605834960940,-0.7493851196289060,-0.8244274809160310,19.755725190839700,-9.259541984732820,-9.193734375,-0.46686932373046900,-0.5386953735351560,1.2061068702290100,6.229007633587790,-10.541984732824400,-9.26316622314453,-0.47644613037109400,-0.5434837768554690,-2.198473282442750,18.47328244274810,-9.419847328244280,-9.294290844726560,-0.47884033203125,-0.7709329345703120,0.22137404580152700,10.587786259542000,-10.099236641221400,-9.138667736816410,-0.34237083740234400,-0.15083470458984400,-2.381679389312980,22.923664122137400,-6.1679389312977100,-9.387664709472660,-0.6584054565429690,-0.4477157104492190,-1.015267175572520,20.69465648854960,-7.4961832061068700,-9.13627353515625,-0.469263525390625,-0.30885201416015600,-0.9236641221374050,15.091603053435100,-9.98473282442748,-9.227253198242190,-0.5746083984375,-0.8954314208984370,-0.22137404580152700,12.931297709923700,-9.938931297709920,-9.1554271484375,-0.5482721801757810,-0.08379705810546870,-3.9083969465648900,20.61832061068700,-6.5038167938931300
FALSE,-8.48505068359375,-2.5809493896484400,-3.9600095458984400,-1.8473282442748100,17.541984732824400,-8.34351145038168,-8.55448253173828,-2.578555187988280,-4.029441394042970,-0.6183206106870230,12.01526717557250,-7.0534351145038200,-8.492233288574220,-1.6112977172851600,-1.1611878051757800,6.419847328244280,-38.98473282442750,-4.900763358778630,-9.437942944335940,-3.2154128295898400,-4.005499377441410,-20.763358778626000,151.4198473282440,-16.450381679389300,-8.999804040527340,-1.659181750488280,-6.536170532226560,-1.6946564885496200,-102.03053435114500,3.099236641221370,-9.241618408203120,-1.7381904052734400,-1.599326708984380,-9.84732824427481,125.12213740458000,-21.778625954198500,-8.743624462890620,-1.2521674682617200,-2.8036101440429700,3.7786259541984700,-21.229007633587800,-28.72519083969470,-8.710105639648440,-4.304774584960940,-6.114791040039060,2.50381679389313,53.85496183206110,-6.854961832061070,-8.32463917236328,-2.0733786376953100,-3.5865140869140600,-0.5572519083969470,20.053435114503800,-9.251908396946570,-8.662221606445310,-2.4492682983398400,-4.383783239746090,-6.3893129770992400,35.221374045801500,-11.687022900763400,-8.257601525878910,-2.521094348144530,-6.270414147949220,10.977099236641200,-9.641221374045800,-11.145038167938900,-7.4962453979492200,-1.0462661254882800,-0.7972691528320310,-11.748091603053400,66.94656488549620,-31.786259541984700,-7.474697583007810,-2.3247698120117200,-6.880935571289060,8.106870229007630,-10.091603053435100,-10.473282442748100,-8.17859287109375,-2.094926452636720,-2.8850130004882800,-14.076335877862600,58.23664122137400,-15.67175572519080
FALSE,-8.173804467773440,-2.327164013671880,-4.920084411621090,-0.17557251908396900,16.862595419847300,-9.32824427480916,-8.303091357421870,-2.2960393920898400,-4.8698061767578100,2.0229007633587800,20.740458015267200,-8.053435114503820,-7.898471276855470,-2.6001030029296900,-5.386953735351560,3.0,-9.931297709923660,-6.0534351145038200,-8.130708837890630,-1.4963760375976600,-1.1037269653320300,7.572519083969470,-22.045801526717600,-10.396946564885500,-10.929530578613300,-3.0166940917968700,-6.605602380371090,6.862595419847330,133.12977099236600,-30.19083969465650,-8.513781103515620,-2.858676782226560,-7.261613635253910,2.122137404580150,-150.3740458015270,9.969465648854960,-6.833051538085940,-0.6727706665039060,3.2824504760742200,-30.427480916030500,161.96946564885500,-24.801526717557300,-8.406042028808590,-2.0973206542968700,-10.414777221679700,3.7404580152671800,-3.7022900763358800,-16.297709923664100,-7.987056738281250,-1.7334020019531200,-0.8451531860351560,-4.870229007633590,48.49618320610690,-13.297709923664100,-8.21690009765625,-2.817975354003910,-7.841010437011720,11.801526717557300,-79.25190839694660,4.595419847328250,-9.701305126953130,-3.3638533325195300,-2.808398547363280,0.030534351145038200,59.94656488549620,-11.572519083969500,-7.572859851074220,-2.77727392578125,-0.5267243652343750,-3.984732824427480,30.717557251908400,-9.091603053435120,-7.596801867675780,-2.288856787109380,-0.055066638183593700,-8.022900763358780,25.442748091603100,-9.251908396946570,-9.651026892089840,-2.166752502441410,-5.645527514648440,-2.312977099236640,41.6793893129771,-13.961832061068700
FALSE,-8.63109698486328,-2.3415292236328100,-4.182670300292970,-0.21374045801526700,16.16030534351150,-7.221374045801530,-8.532934716796880,-2.4779987182617200,-3.797203833007810,-2.267175572519080,11.534351145038200,-1.4427480916030500,-8.070853796386720,-1.6615759521484400,-3.9336733276367200,-5.0534351145038200,38.66412213740460,-11.351145038167900,-8.626308581542970,-2.4971523315429700,-5.279214660644530,7.961832061068700,30.48854961832060,-6.580152671755730,-7.879317663574220,-3.299209887695310,-4.786009118652340,1.618320610687020,-1.9923664122137400,-4.656488549618320,-8.348581188964840,-2.645592834472660,-4.522646936035160,-3.3053435114503800,9.511450381679390,-8.618320610687020,-8.48505068359375,-0.7565677246093750,-2.5737667846679700,5.824427480916030,51.213740458015300,-16.64885496183210,-8.37012900390625,-3.0214824951171900,-6.016628771972660,0.7404580152671760,0.0,-10.053435114503800,-8.384494213867190,-2.712630480957030,-3.9935283691406200,-6.633587786259540,20.106870229007600,-5.022900763358780,-8.238447912597660,-1.3192051147460900,-3.076549133300780,-14.908396946564900,52.732824427480900,-11.641221374045800,-8.147468249511720,-2.583343591308590,-8.169016064453130,11.557251908396900,-3.213740458015270,-12.679389312977100,-7.893682873535160,-2.427720483398440,-1.467645617675780,-2.564885496183210,-45.14503816793890,0.9083969465648860,-7.893682873535160,-2.722207287597660,-5.298368273925780,-0.42748091603053400,95.80152671755730,-10.595419847328200,-7.3286512817382800,-3.2034418212890600,-4.2497079467773400,-3.5267175572519100,-92.65648854961830,6.801526717557250
FALSE,-8.540117321777340,-2.346317626953130,-4.939238024902340,-2.7938931297709900,16.9618320610687,-9.229007633587790,-8.422801440429690,-2.4061726684570300,-4.675875842285160,-0.3969465648854960,13.15267175572520,-7.702290076335880,-8.659827404785160,-2.4013842651367200,-4.987122058105470,0.8091603053435120,2.2061068702290100,-7.1603053435114500,-8.257601525878910,-1.5610194824218700,-3.0454245117187500,0.1297709923664120,23.106870229007600,-7.4961832061068700,-7.896077075195310,-2.5139117431640600,-3.5410242553710900,3.5801526717557300,90.45801526717560,-11.282442748091600,-8.039729174804690,-2.5522189697265600,-6.785167504882810,3.0839694656488500,9.068702290076340,-14.106870229007600,-8.729259252929690,-2.588131994628910,-5.832275244140620,5.236641221374050,-76.51908396946570,-0.3969465648854960,-8.262389929199220,-1.5466542724609400,-1.1827356201171900,-3.7404580152671800,-42.05343511450380,-5.5038167938931300,-8.17141026611328,-2.5737667846679700,0.01915361328125,-5.870229007633590,40.42748091603050,-9.50381679389313,-8.86812294921875,-1.5418658691406200,-3.361459130859380,-12.435114503816800,96.70229007633590,-15.358778625954200,-8.451531860351560,-2.319981408691410,-4.96078583984375,3.2900763358778600,59.7557251908397,-17.0,-8.394071020507810,-2.2266075439453100,-5.585672473144530,6.374045801526720,2.763358778625950,-8.534351145038170,-8.104372619628910,-3.2800562744140600,-3.584119885253910,1.5419847328244300,-37.9236641221374,0.3282442748091600,-8.650250598144530,-2.5809493896484400,-2.760514514160160,-9.061068702290080,7.931297709923670,-5.793893129770990
FALSE,7.321468676757810,-3.8474820678710900,-9.545682019042970,142.15267175572500,148.6412213740460,66.91603053435120,8.2743609375,-9.311050256347660,-9.105148913574220,168.6793893129770,13.587786259542000,86.36641221374050,3.5865140869140600,-7.311891870117190,-7.963114721679690,66.95419847328250,-107.91603053435100,-49.10687022900760,3.421314172363280,-9.765948571777340,-9.260772021484380,69.1145038167939,-235.9618320610690,-70.68702290076340,2.825157958984380,-7.371746911621090,-7.055712292480470,80.74045801526720,-250.13740458015300,-92.74809160305340,1.8507178833007800,-9.447519750976560,0.062249243164062500,-9.236641221374050,66.73282442748090,28.938931297709900,0.74699091796875,-8.781931689453120,-5.442020373535160,-5.083969465648860,150.5114503816790,8.068702290076340,1.47482822265625,-9.121908325195310,-7.364564306640630,50.62595419847330,-87.0,-13.282442748091600,1.43652099609375,-9.789890588378910,-2.0159177978515600,-15.801526717557300,0.8473282442748090,-12.992366412213700,0.7230489013671880,-9.203311181640620,-4.584896179199220,4.893129770992370,25.053435114503800,-3.015267175572520,0.82360537109375,-9.375693701171870,-4.876988781738280,-2.8931297709923700,14.549618320610700,-8.770992366412210,0.8020575561523440,-9.2320416015625,-4.422090466308590,-2.312977099236640,22.671755725190800,-8.312977099236640,0.7015010864257810,-9.349357482910160,-4.6255976074218700,-4.603053435114500,23.946564885496200,-12.091603053435100,0.9504980590820310,-9.406818322753910,-4.716577270507810,-5.137404580152670,24.244274809160300,-8.427480916030530
FALSE,7.024587670898440,-5.667075329589840,-11.243170996093700,-190.0763358778630,86.74809160305340,-22.435114503816800,7.994239343261720,-4.766855505371090,-10.603919152832000,-188.5648854961830,-92.65648854961830,-84.38931297709920,9.169792358398440,0.29927520751953100,-8.827421520996090,-195.53435114503800,-119.63358778626000,-174.86259541984700,6.332663391113280,3.9456443359375000,-6.344634399414060,-129.7709923664120,160.42748091603100,-250.13740458015300,0.82360537109375,2.5330653564453100,-8.588001354980470,-53.70229007633590,110.22137404580200,-250.13740458015300,-4.967968444824220,0.5865794067382810,-5.228936425781250,-65.93129770992370,47.80916030534350,-250.13740458015300,-6.112396838378910,-3.1651345947265600,-6.5385647338867200,-14.290076335877900,113.90839694656500,0.6335877862595420,-6.452373474121090,5.200206005859380,-6.742071875,-3.7251908396946600,-5.641221374045800,-7.061068702290080,-7.352593298339840,3.373430139160160,-6.045359191894530,-3.7404580152671800,18.625954198473300,-18.129770992366400,-7.125144140625000,2.5043349365234400,-6.768408093261720,-2.2519083969465600,16.458015267175600,-10.0,-6.964732629394530,2.6886884643554700,-6.584054565429690,-1.8473282442748100,18.091603053435100,-7.374045801526720,-7.012616662597660,2.7078420776367200,-6.72291826171875,-0.8015267175572520,17.900763358778600,-10.236641221374000,-7.146691955566410,2.6886884643554700,-6.603208178710940,-0.5572519083969470,16.82442748091600,-10.053435114503800,-7.043741284179690,2.7437551025390600,-6.584054565429690,-1.9236641221374000,17.34351145038170,-9.198473282442750
FALSE,-7.082048510742190,2.7198130859375,-6.375759020996090,0.7633587786259540,16.954198473282400,-8.450381679389310,-7.022193469238280,2.6815058593750000,-6.177040283203130,-0.48854961832061100,22.6793893129771,-9.01526717557252,-7.101202124023440,2.4899697265625,-6.442796667480470,-2.7480916030534400,17.198473282442700,-11.786259541984700,-7.216123803710940,2.559401574707030,-6.4667386840820300,1.916030534351150,21.85496183206110,-7.343511450381680,-7.105990527343750,2.655169641113280,-6.667851623535160,-0.007633587786259540,13.786259541984700,-8.725190839694660,-7.292738256835940,2.583343591308590,-6.584054565429690,-1.3969465648855000,15.17557251908400,-9.412213740458010,-7.153874560546880,2.5953145996093700,-6.358999609375000,-1.6412213740458000,17.35114503816790,-7.33587786259542,-7.206546997070310,2.5354595581054700,-6.574477758789060,-1.0610687022900800,15.65648854961830,-7.9465648854961800,-7.252036828613280,2.592920397949220,-6.301538769531250,-1.1068702290076300,17.3206106870229,-7.641221374045800,-7.249642626953130,2.588131994628910,-6.337451794433590,-1.2748091603053400,17.30534351145040,-8.282442748091600,-7.261613635253910,2.6312276245117200,-6.308721374511720,-1.0534351145038200,17.14503816793890,-8.419847328244280,-7.280767248535160,2.6216508178710900,-6.311115576171880,-0.9083969465648860,17.66412213740460,-8.541984732824430,-7.254431030273440,2.6671406494140600,-6.320692382812500,-1.4809160305343500,17.885496183206100,-8.320610687022900,-7.275978845214840,2.4588451049804700,-6.327874987792970,-1.2290076335877900,17.931297709923700,-9.061068702290080
FALSE,4.285620971679690,-8.279149340820310,-5.363011718750000,0.20610687022900800,12.702290076335900,-8.366412213740460,4.2688615600585900,-7.8912886718750000,-5.513846423339840,-0.48854961832061100,16.14503816793890,-9.778625954198470,4.390965844726560,-7.9295958984375000,-5.49708701171875,4.122137404580150,6.687022900763360,-1.6106870229007600,4.709394665527340,-8.173804467773440,-5.432443566894530,15.221374045801500,-2.9236641221374000,-10.709923664122100,4.709394665527340,-8.44674345703125,-5.430049365234380,9.83206106870229,-28.282442748091600,-18.96946564885500,4.378994836425780,-8.734047656250000,-5.609614489746090,-0.7251908396946570,-16.595419847328200,-41.01526717557250,3.2345664428710900,-8.798691101074220,-5.796362219238280,-13.748091603053400,-9.709923664122140,-45.55725190839700,2.9975404785156200,-8.413224633789060,-5.5449710449218700,-6.748091603053440,16.061068702290100,-22.61832061068700,3.2824504760742200,-8.341398583984380,-5.442020373535160,5.404580152671760,25.778625954198500,12.389312977099200,3.873818286132810,-8.226476904296870,-5.68862314453125,9.946564885496180,33.45038167938930,27.022900763358800,4.790797521972660,-8.142679846191410,-5.7149593627929700,8.992366412213740,32.10687022900760,17.0,4.434061474609380,-7.948749511718750,-5.664681127929690,-4.122137404580150,25.38167938931300,-12.931297709923700,4.094084838867190,-8.386888415527340,-5.746083984375,-5.916030534351150,12.381679389313000,-20.47328244274810,3.584119885253910,-8.480262280273440,-5.523423229980470,-7.427480916030530,12.13740458015270,-19.35114503816790
FALSE,3.0454245117187500,-8.01818135986328,-6.253654736328130,14.404580152671800,-58.12213740458020,-24.27480916030530,2.50912333984375,-8.013392956542970,-6.301538769531250,15.534351145038200,-63.25190839694660,-27.366412213740500,2.2361843505859400,-8.231265307617190,-6.500257507324220,15.725190839694700,-59.045801526717600,-29.702290076335900,1.484405029296880,-8.147468249511720,-6.6510922119140600,7.534351145038170,-23.52671755725190,-39.70992366412210,1.6160861206054700,-8.865728747558590,-6.253654736328130,-7.259541984732830,-13.106870229007600,-13.67175572519080,1.3192051147460900,-9.009380847167970,-5.600037683105470,-22.0,-21.603053435114500,-23.916030534351100,0.0718260498046875,-9.081206896972660,-3.0502129150390600,1.1297709923664100,-20.16030534351150,-8.145038167938930,0.18435352783203100,-8.757989672851560,-6.883329772949220,4.816793893129770,38.55725190839700,-5.862595419847330,1.0223241088867200,-7.989450939941410,-6.248866333007810,9.259541984732820,73.16030534351150,-5.572519083969470,1.3551181396484400,-7.572859851074220,-7.9846625366210900,11.923664122137400,30.206106870229000,-8.297709923664120,0.7924807495117190,-8.571241943359380,-7.307103466796880,-1.0534351145038200,-3.427480916030530,-12.32824427480920,1.426944189453130,-8.518569506835940,-5.422866760253910,-10.725190839694700,-6.137404580152670,-6.076335877862600,-0.26336218261718700,-9.313444458007810,-4.331110803222660,3.6564885496183200,-14.244274809160300,-3.763358778625950,0.3112462158203130,-8.520963708496090,-6.641515405273440,-4.916030534351150,34.152671755725200,-8.923664122137410
FALSE,1.218648645019530,-8.616731774902340,-5.793968017578120,-12.625954198473300,14.969465648855000,-24.64885496183210,0.38786066894531200,-8.291120349121090,-6.87614716796875,-14.381679389313000,-1.2900763358778600,-18.0,0.8643067993164060,-8.374917407226560,-7.041347082519530,-15.82442748091600,15.870229007633600,-6.122137404580150,1.2593500732421900,-8.690952026367190,-6.268019946289060,-15.893129770992400,2.8244274809160300,-11.534351145038200,1.0103531005859400,-8.626308581542970,-5.389347937011720,7.557251908396950,4.015267175572520,-11.389312977099200,0.6344634399414060,-8.932766394042970,-5.815515832519530,39.656488549618300,20.419847328244300,-7.32824427480916,-0.27293898925781200,-8.47786807861328,-6.598419775390620,50.14503816793890,47.595419847328200,2.114503816793890,0.8403647827148440,-8.116343627929690,-7.64229169921875,23.580152671755700,35.63358778625950,11.396946564885500,0.8259995727539060,-8.346186987304690,-7.4794859863281200,-26.580152671755700,-6.221374045801530,-19.755725190839700,0.82360537109375,-9.255983618164060,-5.858611462402340,-60.51908396946570,-2.6259541984732800,-29.595419847328200,0.5123591552734370,-9.143456140136720,-4.912901806640630,-52.66412213740460,8.32824427480916,-30.46564885496180,0.7805097412109370,-8.566453540039060,-4.2497079467773400,15.938931297709900,25.740458015267200,-2.8244274809160300,0.5674257934570310,-8.228871105957030,-6.528987927246090,37.37404580152670,32.603053435114500,-2.5419847328244300,1.1923124267578100,-8.403647827148440,-7.436390356445310,19.519083969465600,47.7557251908397,4.740458015267180
FALSE,-6.677428430175780,-0.928950244140625,-1.5729904907226600,-11.48091603053440,-34.213740458015300,-107.78625954198500,-6.880935571289060,-3.39018955078125,-1.16837041015625,4.526717557251910,102.61832061068700,-64.3206106870229,-7.3837179199218700,-6.234501123046880,-5.868188269042970,-2.732824427480920,14.17557251908400,26.198473282442700,-8.468291271972660,-2.2936451904296900,-4.369418029785160,-6.511450381679390,43.50381679389310,-6.221374045801530,-7.6997525390625,-3.1292215698242200,-5.4899044067382800,2.7938931297709900,15.122137404580200,-1.5877862595419800,-8.13310303955078,-3.411737365722660,-3.4835634155273400,5.786259541984730,-17.549618320610700,-4.396946564885500,-8.233659509277340,-2.2290017456054700,-2.8730419921875,-15.633587786259500,79.83969465648860,-7.969465648854960,-8.583212951660160,-2.6791116577148400,-7.352593298339840,4.633587786259540,-46.33587786259540,-7.244274809160310,-7.781155395507810,-2.7174188842773400,-2.8323405639648400,-14.67175572519080,75.67175572519080,-6.641221374045800,-7.982268334960940,-2.7461493041992200,-3.469198205566410,-1.4732824427480900,-9.030534351145040,-7.190839694656490,-8.465897070312500,-2.5474305664062500,-7.127538342285160,0.4961832061068700,-26.137404580152700,-10.13740458015270,-8.607154968261720,-2.9376854370117200,-7.955932116699220,1.900763358778630,12.511450381679400,-6.824427480916030,-7.893682873535160,-2.8802245971679700,-3.9312791259765600,-7.717557251908400,71.07633587786260,-4.847328244274810,-7.955932116699220,-2.4947581298828100,-3.4931402221679700,-4.8320610687022900,31.732824427480900,-8.450381679389310
FALSE,-7.939172705078130,-2.5234885498046900,-5.2816088623046900,-1.5419847328244300,18.442748091603100,-8.465648854961830,-7.900865478515630,-2.5378537597656200,-5.442020373535160,-1.549618320610690,15.992366412213700,-8.320610687022900,-8.295908752441410,-2.7557261108398400,-5.334281298828130,8.374045801526720,-16.885496183206100,-8.687022900763360,-8.030152368164060,-2.389413256835940,-3.73495458984375,-6.0458015267175600,44.55725190839700,-8.183206106870230,-7.594407666015620,-2.252943762207030,-6.323086584472660,-1.3587786259542000,22.221374045801500,-6.129770992366410,-8.180987072753910,-2.3487118286132800,-4.862623571777340,9.320610687022900,-64.3206106870229,-6.977099236641220,-7.587225061035160,-1.8938135131835900,-0.8068459594726560,-20.480916030534400,106.06870229007600,-10.267175572519100,-7.539341027832030,-2.39420166015625,-7.105990527343750,-1.8854961832061100,8.427480916030530,-7.290076335877860,-7.381323718261720,-2.109291662597660,-1.4030021728515600,-0.22137404580152700,-21.946564885496200,-8.488549618320610,-8.300697155761720,-2.940079638671880,-5.276820458984380,-9.435114503816790,88.05343511450380,-8.053435114503820,-7.869740856933590,-2.616862414550780,-5.403713146972660,5.862595419847330,-49.19083969465650,-7.587786259541990,-8.556876733398440,-2.741360900878910,-4.551377355957030,-9.076335877862600,78.29770992366410,-10.206106870229000,-7.936778503417970,-2.418143676757810,-3.9240965209960900,3.549618320610690,-11.938931297709900,-8.526717557251910,-8.37012900390625,-2.6408044311523400,-5.216965417480470,-2.8091603053435100,41.038167938931300,-5.419847328244280
FALSE,-7.972691528320310,-2.408566870117190,-5.061342309570310,-1.465648854961830,18.908396946564900,-8.564885496183210,-8.1594392578125,-2.5426421630859400,-5.65031591796875,3.3053435114503800,-0.7404580152671760,-8.320610687022900,-8.180987072753910,-2.389413256835940,-4.1946413085937500,-3.4198473282442700,32.93129770992370,-8.320610687022900,-7.994239343261720,-2.5761609863281200,-6.545747338867190,6.068702290076340,-12.893129770992400,-8.572519083969470,-8.013392956542970,-2.231395947265630,-3.5865140869140600,-5.748091603053440,44.343511450381700,-9.435114503816790,-8.298302954101560,-2.683900061035160,-7.199364392089840,7.267175572519080,-24.610687022900800,-9.32824427480916,-8.008604553222660,-2.480392919921880,-4.07971962890625,-6.00763358778626,54.94656488549620,-9.702290076335880,-8.207323291015630,-2.365471240234380,-5.195417602539060,2.1526717557251900,-17.83969465648860,-9.435114503816790,-8.152256652832030,-2.6312276245117200,-5.410895751953130,-3.9389312977099200,46.961832061068700,-7.061068702290080,-7.740453967285160,-2.3678654418945300,-3.2800562744140600,-2.816793893129770,24.206106870229000,-9.251908396946570,-7.829039428710940,-2.5761609863281200,-6.6893994384765600,0.8702290076335880,5.9541984732824400,-4.122137404580150,-8.130708837890630,-2.5474305664062500,-4.587290380859380,-5.8320610687022900,36.06106870229010,-7.641221374045800,-8.080430603027340,-2.3965958618164100,-5.080495922851560,-1.16793893129771,19.076335877862600,-8.610687022900760,-8.066065393066410,-2.4756045166015600,-4.924872814941410,-2.351145038167940,21.99236641221370,-8.030534351145040
TRUE,-7.941566906738280,-4.601655590820310,-2.729389892578130,-3.900763358778630,19.923664122137400,-7.99236641221374,-7.764395983886720,-4.534617944335940,-2.7533319091796900,-1.5114503816793900,18.916030534351100,-6.702290076335880,-7.829039428710940,-4.489128112792970,-2.825157958984380,-3.1603053435114500,18.236641221374000,-10.83206106870230,-8.123526232910160,-4.639962817382810,-3.0909143432617200,4.061068702290080,27.12213740458020,-20.419847328244300,-15.842432385253900,-6.461950280761720,-4.637568615722660,47.70229007633590,-126.94656488549600,-56.221374045801500,-13.816937780761700,-11.027692846679700,7.0844427124023400,39.44274809160310,57.2442748091603,204.53435114503800,-4.129997863769530,-4.039018200683590,-2.8706477905273400,-91.95419847328250,184.0229007633590,250.12977099236600,0.02154781494140630,1.2210428466796900,-1.0869675537109400,-86.74045801526720,14.106870229007600,132.29770992366400,-1.7118541870117200,6.114791040039060,0.12210428466796900,-5.206106870229010,-13.80916030534350,-2.7022900763358800,-4.975151049804690,6.909665991210940,0.19393033447265600,-11.244274809160300,5.763358778625950,-6.213740458015270,-6.718129858398440,6.8593877563476600,-1.7381904052734400,2.9236641221374000,11.534351145038200,-5.885496183206110,-5.717353564453120,6.883329772949220,-1.3072341064453100,-1.9236641221374000,30.14503816793890,-3.2748091603053400,-5.80354482421875,7.067683300781250,-1.1827356201171900,-2.7022900763358800,19.297709923664100,-7.038167938931300,-5.743689782714840,7.079654309082030,-1.5322890625000000,4.0,18.35114503816790,-10.778625954198500
TRUE,-8.214505895996090,-3.7014357666015600,-3.3973721557617200,1.9389312977099200,17.00763358778630,-7.8320610687022900,-8.226476904296870,-3.5984850952148400,-3.411737365722660,1.4809160305343500,17.458015267175600,-9.091603053435120,-14.152126013183600,-2.8419173706054700,-5.035006091308590,39.99236641221370,-28.061068702290100,-68.45801526717560,-11.322179650878900,-15.155296508789100,-4.091690637207030,92.21374045801530,-133.5648854961830,92.43511450381680,-9.02135185546875,-10.503362683105500,-2.1787235107421900,-58.87022900763360,123.22137404580200,217.5648854961830,0.5698199951171880,-0.33039982910156200,-1.1731588134765600,-228.5648854961830,128.26717557251900,250.12977099236600,-1.3455413330078100,4.383783239746090,2.4061726684570300,-79.94656488549620,55.267175572519100,37.16030534351150,-3.9624037475585900,6.68461103515625,3.430890979003910,-18.251908396946600,22.259541984732800,-9.992366412213740,-4.917690209960940,6.7277066650390600,3.1459809814453100,-1.83206106870229,-0.3435114503816790,-14.259541984732800,-5.6574985229492200,7.082048510742190,0.7757213378906250,6.961832061068700,16.84732824427480,-13.595419847328200,-6.0716954101562500,6.813897924804690,0.05027823486328130,-1.1908396946564900,2.7022900763358800,-8.687022900763360,-5.9974751586914100,6.718129858398440,0.6153098266601560,1.8244274809160300,19.374045801526700,-8.267175572519090,-6.086060620117190,6.885723974609380,0.3399766357421880,5.748091603053440,21.717557251908400,-11.0,-5.858611462402340,6.8402341430664100,0.8978256225585940,-1.8244274809160300,14.694656488549600,-6.694656488549620
TRUE,0.6368576416015620,-9.366116894531250,-5.298368273925780,11.770992366412200,20.17557251908400,-11.351145038167900,0.08379705810546870,-9.258377819824220,-4.908113403320310,10.045801526717600,-7.244274809160310,-14.511450381679400,-0.105344873046875,-9.3086560546875,-4.101267443847660,22.977099236641200,-10.32824427480920,-21.16030534351150,-3.7325603881835900,-11.501744775390600,-5.760449194335940,24.572519083969500,1.9694656488549600,7.580152671755730,-9.1554271484375,-18.67477294921880,-12.397176196289100,-110.65648854961800,-53.396946564885500,150.94656488549600,1.7381904052734400,-18.947711938476600,-0.928950244140625,-185.44274809160300,35.16793893129770,250.12977099236600,3.2800562744140600,-8.250418920898440,-0.9504980590820310,-129.61068702290100,-28.16793893129770,127.70229007633600,-0.1197100830078130,4.44363828125,2.5474305664062500,-61.458015267175600,32.12977099236640,13.450381679389300,-6.663063220214840,3.782838623046880,-3.1651345947265600,15.01526717557250,-43.87786259541990,-22.14503816793890,-8.609549169921880,2.408566870117190,-4.192247106933590,15.511450381679400,13.648854961832100,-13.526717557251900,-8.449137658691410,2.2457611572265600,-4.259284753417970,2.2977099236641200,29.099236641221400,-8.648854961832060,-8.145074047851560,2.2864625854492200,-4.7381250854492200,-5.358778625954200,19.85496183206110,-7.473282442748090,-8.226476904296870,2.2385785522460900,-4.108450048828130,-5.748091603053440,16.083969465648900,-7.480916030534350,-8.190563879394530,2.2864625854492200,-4.094084838867190,-2.1374045801526700,15.511450381679400,-7.435114503816790
TRUE,-6.212953308105470,-6.186617089843750,-4.814739538574220,-3.015267175572520,18.893129770992400,-16.091603053435100,-5.793968017578120,-6.2009822998046900,-4.570530969238280,0.5419847328244280,17.03053435114500,-18.30534351145040,-5.844246252441410,-6.282385156250000,-4.618415002441410,0.549618320610687,9.98473282442748,-31.549618320610700,-6.552929943847660,-6.387730029296880,-4.707000463867190,-10.923664122137400,-2.1068702290076300,-89.05343511450380,-18.423381774902300,-17.791312536621100,-9.861716638183590,17.72519083969470,-52.786259541984700,24.641221374045800,-0.3806780639648440,-10.292672937011700,-10.005368737793000,-99.36641221374050,-98.36641221374050,250.12977099236600,2.0925322509765600,-2.0278888061523400,0.9337386474609380,-75.06870229007630,-86.62595419847330,201.1145038167940,-3.9408559326171900,3.4069489624023400,3.0621839233398400,-26.297709923664100,-12.854961832061100,66.54198473282440,-5.652710119628910,5.906495495605470,2.147598889160160,-3.1068702290076300,13.267175572519100,12.389312977099200,-6.500257507324220,5.743689782714840,1.2378022583007800,3.5572519083969500,-1.2290076335877900,-10.061068702290100,-5.839457849121090,5.571307263183590,2.2936451904296900,-2.3206106870229000,26.580152671755700,-14.15267175572520,-6.718129858398440,5.537788439941410,1.7118541870117200,0.15267175572519100,23.061068702290100,-15.679389312977100,-7.536946826171870,5.437231970214840,1.1827356201171900,0.5877862595419850,8.541984732824430,-10.290076335877900,-7.345410693359380,5.322310290527340,1.209071838378910,0.3893129770992370,5.022900763358780,-6.755725190839690
TRUE,-5.8610056640625,-6.347028601074220,-4.6064439941406200,-2.801526717557250,-0.6717557251908400,-19.0,-6.002263562011720,-6.5409589355468700,-4.321533996582030,-5.122137404580150,-1.5267175572519100,-24.641221374045800,-5.825092639160160,-6.7277066650390600,-4.113238452148440,-3.3740458015267200,3.1297709923664100,-23.47328244274810,-5.372588525390630,-7.184999182128910,-4.072537023925780,-2.015267175572520,8.900763358778630,-32.29007633587790,-10.058041174316400,-9.37808790283203,-4.6639048339843700,-22.30534351145040,-40.2442748091603,-97.90839694656490,-14.046781140136700,-19.144036474609400,-7.024587670898440,20.51145038167940,-122.40458015267200,226.6793893129770,-2.8898014038085900,-10.625466967773400,-7.273584643554690,-35.916030534351100,-107.44274809160300,250.12977099236600,1.0917559570312500,2.8514941772460900,-0.3399766357421880,-64.13740458015270,36.45038167938930,197.3969465648860,-1.407790576171880,5.403713146972660,1.5777788940429700,-37.44274809160310,-2.0839694656488500,-15.381679389313000,-5.03740029296875,6.60799658203125,2.252943762207030,4.435114503816790,-1.8854961832061100,-29.0381679389313,-5.7149593627929700,7.117961535644530,1.3910311645507800,1.3282442748091600,-0.4732824427480920,-10.282442748091600,-5.008669873046880,7.110778930664060,1.8411410766601600,0.6641221374045800,10.732824427480900,-4.282442748091600,-4.728548278808590,7.371746911621090,1.66636435546875,5.183206106870230,30.81679389312980,-13.65648854961830,-5.092466931152340,7.40526573486328,1.7310078002929700,0.7099236641221370,5.00763358778626,-10.679389312977100
TRUE,-5.724536169433590,-5.0948611328125000,-6.988674645996090,3.854961832061070,10.877862595419800,-19.977099236641200,-5.128379956054690,-5.437231970214840,-7.074865905761720,0.31297709923664100,18.49618320610690,-12.145038167938900,-5.183446594238280,-5.671863732910160,-7.163451367187500,2.564885496183210,16.229007633587800,-14.061068702290100,-5.358223315429690,-5.813121630859370,-7.175422375488280,6.648854961832060,22.0,-18.633587786259500,-6.785167504882810,-5.839457849121090,-7.706935144042970,5.458015267175570,-37.51908396946570,-59.87786259541990,-17.30768380126950,-13.232752575683600,-18.148048583984400,-61.14503816793890,-151.3206106870230,92.46564885496180,-4.453215087890630,-8.434772448730470,-9.30147344970703,-117.89312977099200,-151.87022900763400,250.12977099236600,-0.5339069702148440,1.8411410766601600,-0.028730419921875,-94.40458015267180,-45.51145038167940,219.64885496183200,-2.27927998046875,5.367800122070310,1.254561669921880,-55.6412213740458,-14.366412213740500,46.030534351145000,-3.754108203125,7.278373046875000,1.7262193969726600,-10.038167938931300,19.748091603053400,-15.465648854961800,-4.04141240234375,7.541735229492190,2.463633508300780,-3.3053435114503800,9.312977099236640,-7.030534351145040,-4.127603662109380,7.673416320800780,1.5538368774414100,0.1984732824427480,2.6259541984732800,-11.549618320610700,-4.113238452148440,7.843404638671870,2.1260510742187500,4.290076335877860,30.053435114503800,-12.961832061068700,-4.3430818115234400,7.879317663574220,1.4125789794921900,1.4732824427480900,12.778625954198500,-10.083969465648900
TRUE,-7.3286512817382800,-3.404554760742190,-3.907337109375,-34.6412213740458,6.5038167938931300,-43.12977099236640,-7.580042456054690,-4.129997863769530,-3.900154504394530,-26.48854961832060,-0.4198473282442750,-78.2824427480916,-7.544129431152340,-4.7955859252929700,-3.4524387939453100,-23.603053435114500,-37.7557251908397,-91.2442748091603,-8.825027319335940,-4.84586416015625,-2.8514941772460900,-38.458015267175600,-5.709923664122140,-91.26717557251910,-16.582240698242200,-11.662156286621100,-1.3000515014648400,-43.099236641221400,111.27480916030500,-37.06106870229010,-5.7843912109375,-13.299790222168000,-11.499350573730500,14.0,-135.17557251908400,250.12977099236600,-1.2952630981445300,-1.350329736328130,-0.5698199951171880,-44.14503816793890,-1.9694656488549600,250.12977099236600,-2.6479870361328100,3.5338416503906200,1.1180921752929700,-16.0,-37.725190839694700,51.29770992366410,-5.161898779296880,5.791573815917970,1.7621324218750000,18.702290076335900,24.732824427480900,-28.946564885496200,-7.050923889160160,5.513846423339840,0.4285620971679690,16.87786259541990,45.98473282442750,-21.984732824427500,-7.747636572265620,5.647921716308590,-0.5195417602539060,1.534351145038170,-4.778625954198470,-8.83206106870229,-7.319074475097660,5.7317187744140600,-0.296881005859375,-0.9236641221374050,15.748091603053400,-8.770992366412210,-7.146691955566410,5.655104321289060,-0.06703764648437500,-0.6564885496183210,21.19083969465650,-9.793893129770990,-7.311891870117190,5.6958057495117200,-0.2920926025390630,1.1068702290076300,17.419847328244300,-11.908396946564900
TRUE,-8.576030346679690,-1.2138602416992200,-5.2433016357421900,0.3435114503816790,8.435114503816790,-34.97709923664120,-8.078036401367190,-1.6017209106445300,-4.975151049804690,3.236641221374050,10.389312977099200,-24.740458015267200,-8.805873706054690,-2.2601263671875,-5.504269616699220,-1.183206106870230,17.442748091603100,-27.297709923664100,-10.137049829101600,-1.8507178833007800,-5.157110375976560,-6.145038167938930,17.412213740458000,-53.083969465648900,-17.915811022949200,-1.889025109863280,-4.479551306152340,33.7557251908397,-122.57251908396900,-44.11450381679390,-9.746794958496090,-9.497797985839840,-6.794744311523440,-7.641221374045800,80.06106870229010,250.12977099236600,-1.2330138549804700,-1.0534487304687500,-5.734112976074220,-117.00763358778600,48.85496183206110,185.99236641221400,-0.9528922607421880,4.347870214843750,0.6727706665039060,-98.0,-51.98473282442750,46.86259541984730,-3.438073583984380,7.2903440551757800,1.1540052001953100,-32.717557251908400,-44.62595419847330,-24.0381679389313,-5.53539423828125,6.514622717285160,2.1452046875000000,-6.450381679389310,13.86259541984730,-20.564885496183200,-5.961562133789060,6.967126831054690,1.0821791503906200,5.083969465648860,38.31297709923660,-10.625954198473300,-6.066907006835940,7.0461354858398400,0.4860229370117190,3.068702290076340,7.847328244274810,-12.16030534351150,-5.889736083984380,6.9719152343750000,0.4070142822265630,0.8702290076335880,19.427480916030500,-10.763358778626000,-5.762843395996090,6.825868933105470,0.40940848388671900,0.7557251908396950,18.572519083969500,-10.702290076335900
TRUE,-8.927977990722660,-1.5538368774414100,-2.849099975585940,1.633587786259540,18.557251908396900,-11.091603053435100,-8.966285217285160,-1.8363526733398400,-2.722207287597660,0.9770992366412210,18.458015267175600,-17.19083969465650,-8.774749084472660,-2.0350714111328100,-2.9759926635742200,2.0839694656488500,21.106870229007600,-24.068702290076300,-8.927977990722660,-2.176329309082030,-2.863465185546880,11.114503816793900,26.87786259541990,-26.48854961832060,-9.306261853027340,-2.0087351928710900,-2.750937707519530,16.9618320610687,61.70992366412210,-64.16030534351150,-19.6133,-11.288660827636700,-9.363722692871090,79.62595419847330,-153.25190839694700,61.55725190839700,-4.295197778320310,-10.522516296386700,-4.036623999023440,-86.50381679389310,193.25190839694700,250.12977099236600,-0.9696516723632810,-1.3838485595703100,-2.166752502441410,-136.48091603053400,-9.259541984732820,229.25190839694700,-0.0909796630859375,5.0182466796875,2.128445275878910,-108.58015267175600,3.3740458015267200,91.70229007633590,-2.0757728393554700,8.219294299316410,2.437297290039060,-15.267175572519100,28.549618320610700,-14.900763358778600,-3.5865140869140600,7.793126403808590,1.7334020019531200,-5.824427480916030,9.83206106870229,-17.31297709923660,-4.572925170898440,8.176198669433590,1.0582371337890600,4.106870229007630,26.328244274809200,-14.351145038167900,-4.465186096191410,8.202534887695310,0.47644613037109400,5.106870229007630,23.0,-12.648854961832100,-4.115632653808590,7.972691528320310,0.7493851196289060,-0.25190839694656500,23.206106870229000,-12.664122137404600
TRUE,-8.858546142578120,-1.7836802368164100,-3.162740393066410,-0.4580152671755730,18.35114503816790,-9.900763358778630,-8.789114294433590,-1.7477672119140600,-3.4668040039062500,-2.0839694656488500,16.862595419847300,-10.274809160305300,-8.911218579101560,-1.7764976318359400,-3.1771056030273400,0.8091603053435120,17.893129770992400,-12.244274809160300,-8.980650427246090,-1.7693150268554700,-3.1364041748046900,5.511450381679390,20.755725190839700,-22.900763358778600,-9.184157568359380,-1.9823989746093700,-3.1387983764648400,13.923664122137400,49.68702290076340,-60.54961832061070,-18.823213452148400,-10.977414611816400,-16.780959436035200,32.221374045801500,-68.79389312977100,75.72519083969470,-9.045293872070310,-6.679822631835940,-9.497797985839840,-145.68702290076300,56.725190839694700,250.12977099236600,-0.9193734375,-1.70467158203125,-2.3247698120117200,-134.40458015267200,-54.97709923664120,208.8320610687020,2.039859814453130,5.044582897949220,4.924872814941410,-73.16030534351150,80.16030534351150,83.02290076335880,-2.568978381347660,6.947973217773440,5.408501550292970,-10.068702290076300,38.213740458015300,0.007633587786259540,-2.767697119140630,8.001421948242190,2.2266075439453100,-11.465648854961800,1.8015267175572500,-12.465648854961800,-3.4955344238281200,8.238447912597660,1.678335363769530,1.5038167938931300,25.267175572519100,-20.740458015267200,-4.280832568359380,8.25520732421875,0.7733271362304690,0.9389312977099240,12.022900763358800,-13.221374045801500,-4.359841223144530,8.003816149902340,0.3687070556640630,3.3206106870229000,10.412213740458000,-12.076335877862600
TRUE,-8.808267907714840,-1.8124106567382800,-3.6152445068359400,-1.3358778625954200,19.99236641221370,-9.931297709923660,-8.911218579101560,-1.6400281372070300,-3.6391865234375000,-1.7633587786259500,18.61832061068700,-16.328244274809200,-8.652644799804690,-2.1404162841796900,-3.754108203125,-10.221374045801500,19.106870229007600,-25.740458015267200,-8.853757739257810,-2.2074539306640600,-3.6559459350585900,-15.282442748091600,25.045801526717600,-32.3206106870229,-10.771513269043000,-2.1164742675781200,-3.744531396484380,-46.68702290076340,-2.2595419847328200,-144.5114503816790,-19.47922470703130,-9.943119494628910,-13.855245007324200,-90.2442748091603,-146.17557251908400,-15.50381679389310,-4.833893151855470,-8.214505895996090,-1.0319009155273400,-126.22137404580200,9.13740458015267,250.12977099236600,-2.051830822753910,0.06703764648437500,0.03591302490234380,-112.6030534351150,-22.328244274809200,217.33587786259500,-1.4437036010742200,5.193023400878910,3.900154504394530,-66.47328244274810,32.954198473282400,37.412213740458000,-3.67749375,6.291961962890630,2.7629087158203100,7.786259541984730,-2.9770992366412200,-25.633587786259500,-4.367023828125000,7.3932947265625,2.3918074584960900,7.633587786259540,19.137404580152700,-10.954198473282400,-4.568136767578130,7.7787611938476600,1.7741034301757800,10.67175572519080,28.076335877862600,-11.916030534351100,-4.891353991699220,7.556100439453120,1.1707646118164100,11.244274809160300,29.923664122137400,-11.908396946564900,-5.209782812500000,7.71890615234375,0.8092401611328130,2.6030534351145000,3.236641221374050,-11.16793893129770
TRUE,-8.042123376464840,-2.990357873535160,-4.991910461425780,0.26717557251908400,14.534351145038200,-11.099236641221400,-8.197746484375,-2.844311572265630,-4.809951135253910,3.3893129770992400,13.435114503816800,-13.702290076335900,-9.119514123535160,-2.674323254394530,-4.69263525390625,8.687022900763360,12.648854961832100,-40.48091603053440,-16.76659422607420,-7.994239343261720,-7.702146740722660,-3.6106870229007600,-27.72519083969470,92.83206106870230,-9.694122521972660,-5.061342309570310,-6.940790612792970,-50.94656488549620,-16.427480916030500,142.87022900763400,-1.944091748046880,1.0510545288085900,-1.68551796875,-68.98473282442750,1.748091603053440,109.51908396946600,-4.7572786987304700,4.1563340820312500,-0.6775590698242190,-25.66412213740460,16.50381679389310,21.404580152671800,-6.1267620483398400,4.759672900390620,-1.8602946899414100,-1.4580152671755700,20.267175572519100,-1.7938931297709900,-7.584830859375,4.819527941894530,-3.318363500976560,-3.1526717557251900,-15.67175572519080,-7.290076335877860,-7.539341027832030,4.910507604980470,-2.710236279296880,0.25190839694656500,5.694656488549620,-6.885496183206110,-7.319074475097660,4.984727856445310,-2.185906115722660,-0.6259541984732830,21.0381679389313,-9.229007633587790,-7.4794859863281200,5.008669873046880,-2.3630770385742200,-1.8396946564885500,9.82442748091603,-9.908396946564890,-7.556100439453120,4.7764323120117200,-1.9895815795898400,-1.1297709923664100,22.732824427480900,-8.16793893129771,-7.498639599609370,5.0948611328125000,-1.9800047729492200,1.6412213740458000,25.80916030534350,-12.038167938931300
TRUE,-8.0062103515625,-2.987963671875,-4.994304663085940,-1.7404580152671800,15.732824427480900,-8.236641221374050,-8.01818135986328,-2.913743420410160,-4.797980126953120,-4.00763358778626,11.946564885496200,-7.374045801526720,-8.257601525878910,-2.9759926635742200,-4.975151049804690,-3.0076335877862600,15.48091603053440,-15.938931297709900,-8.264784130859370,-2.7844565307617200,-4.556165759277340,6.694656488549620,28.778625954198500,-44.41984732824430,-12.442666027832000,-3.852270471191410,-7.7979148071289100,-42.81679389312980,-42.85496183206110,-116.0,-13.266271398925800,-8.767566479492190,-7.165845568847660,-169.32824427480900,-115.68702290076300,23.366412213740500,-4.254496350097660,-8.262389929199220,-1.7477672119140600,-102.90839694656500,-159.84732824427500,238.35114503816800,-1.5227122558593700,-1.6831237670898400,1.5203180541992200,-48.61832061068700,-35.221374045801500,161.13740458015300,-2.080561242675780,2.5139117431640600,4.467580297851560,-27.84732824427480,34.16793893129770,44.900763358778600,-5.76523759765625,3.83072265625,3.5889082885742200,-3.3740458015267200,14.106870229007600,2.0916030534351100,-7.098807922363280,4.946420629882810,2.5713725830078100,9.740458015267180,7.1603053435114500,-6.519083969465650,-6.756437084960940,4.860229370117190,2.6479870361328100,0.5801526717557250,11.763358778626000,-3.1526717557251900,-7.151480358886720,5.353434912109380,2.5522189697265600,2.8702290076335900,29.80916030534350,-10.931297709923700,-6.861781958007810,4.939238024902340,1.8746598999023400,-0.4351145038167940,22.045801526717600,-8.664122137404580
TRUE,-7.812280017089840,-2.085349645996090,-6.1818286865234400,-0.648854961832061,14.061068702290100,-12.740458015267200,-7.364564306640630,-2.1499930908203100,-6.279990954589840,-0.45038167938931300,12.931297709923700,-11.259541984732800,-8.042123376464840,-1.8698714965820300,-6.347028601074220,2.381679389312980,15.213740458015300,-14.732824427480900,-8.379705810546880,-2.2649147705078100,-6.217741711425780,7.129770992366410,24.389312977099200,-33.80916030534350,-14.429853405761700,-2.7844565307617200,-11.250353601074200,41.19847328244280,-40.18320610687020,16.770992366412200,-12.861651318359400,-6.813897924804690,-9.74200655517578,-42.06106870229010,8.549618320610690,188.51908396946600,-4.235342736816410,-2.1835119140625000,-5.044582897949220,-99.82442748091600,-7.038167938931300,206.73282442748100,-1.1348515869140600,3.892971899414060,-0.5410895751953120,-95.69465648854960,38.94656488549620,99.66412213740460,-1.6136919189453100,6.847416748046870,0.4165910888671880,-33.87786259541990,27.290076335877900,3.6412213740458000,-3.9600095458984400,7.089231115722660,0.40940848388671900,-14.435114503816800,-15.32824427480920,-21.66412213740460,-4.800374328613280,7.785943798828120,0.411802685546875,1.9770992366412200,15.450381679389300,-14.274809160305300,-4.862623571777340,7.9272016967773400,0.0,5.282442748091600,6.0,-15.82442748091600,-4.939238024902340,7.730877160644530,-0.4572925170898440,1.381679389312980,19.419847328244300,-11.793893129771000,-4.994304663085940,7.747636572265620,-0.3184288208007810,1.5725190839694700,9.969465648854960,-13.022900763358800
TRUE,-7.702146740722660,-1.3192051147460900,-6.301538769531250,0.061068702290076300,20.900763358778600,-15.755725190839700,-7.690175732421870,-1.4628572143554700,-6.0908490234375000,1.4885496183206100,9.473282442748090,-17.740458015267200,-7.996633544921880,-1.7741034301757800,-6.294356164550780,7.770992366412210,12.206106870229000,-33.57251908396950,-9.753977563476560,-3.423708374023440,-5.190629199218750,24.52671755725190,106.03053435114500,-39.41984732824430,-14.70279239501950,-7.663839514160160,-14.578293908691400,77.47328244274810,0.030534351145038200,131.5801526717560,-4.661510632324220,-5.322310290527340,-9.437942944335940,-30.48854961832060,54.3206106870229,182.0381679389310,-1.838746875,0.8164227661132810,-5.616797094726560,-80.1526717557252,76.33587786259540,102.26717557251900,-2.940079638671880,5.324704492187500,-4.058171813964840,-56.916030534351100,33.091603053435100,12.274809160305300,-4.340687609863280,5.9783215454101600,-4.584896179199220,-34.458015267175600,-4.9465648854961800,-7.351145038167940,-4.489128112792970,6.536170532226560,-4.747701892089840,-9.618320610687020,15.564885496183200,-13.412213740458000,-4.838681555175780,6.524199523925780,-4.929661218261720,-12.19083969465650,13.549618320610700,-13.419847328244300,-4.996698864746090,6.361393811035160,-4.96078583984375,-3.404580152671760,18.900763358778600,-13.106870229007600,-5.104437939453130,6.349422802734380,-5.2433016357421900,1.7251908396946600,17.81679389312980,-14.786259541984700,-5.293579870605470,6.1459156616210900,-5.4515971801757800,1.282442748091600,9.236641221374050,-14.083969465648900
TRUE,-8.769960681152340,-1.1276689819335900,-3.4715924072265600,-4.290076335877860,22.213740458015300,-13.992366412213700,-8.966285217285160,-1.1420341918945300,-3.1866824096679700,-10.610687022900800,23.404580152671800,-19.47328244274810,-9.222464794921880,-1.4915876342773400,-3.1364041748046900,-48.12977099236640,29.290076335877900,-53.83969465648860,-8.997409838867190,-1.7573440185546900,-3.967192150878910,-31.19083969465650,54.099236641221400,-90.81679389312980,-17.310078002929700,-4.656722229003910,-11.382034692382800,27.0,-39.44274809160310,-103.6412213740460,-14.956577770996100,-10.314220751953100,-4.371812231445310,48.11450381679390,-96.34351145038170,250.12977099236600,0.06703764648437500,-1.936909143066410,-1.4700398193359400,-29.770992366412200,-14.740458015267200,250.12977099236600,-0.814028564453125,3.737348791503910,2.1787235107421900,-40.10687022900760,20.419847328244300,95.85496183206110,-3.641580725097660,5.674257934570310,1.917755529785160,-15.549618320610700,1.16793893129771,-19.35114503816790,-4.465186096191410,6.301538769531250,3.246537451171880,-8.412213740458010,20.0,-20.47328244274810,-5.623979699707030,6.306327172851560,2.5617957763671900,-0.08396946564885500,-2.7709923664122100,-16.99236641221370,-5.516240625,6.294356164550780,2.310404602050780,1.6717557251908400,34.916030534351100,-16.12213740458020,-6.050147595214840,6.519411120605470,2.1164742675781200,4.206106870229010,16.18320610687020,-14.030534351145000,-5.856217260742190,6.528987927246090,2.104503259277340,0.7480916030534350,15.923664122137400,-16.15267175572520
TRUE,-7.64229169921875,-0.5003881469726560,-6.320692382812500,-0.366412213740458,15.259541984732800,-11.977099236641200,-7.5537062377929700,-0.7134720947265630,-6.349422802734380,-1.5801526717557300,17.68702290076340,-14.244274809160300,-7.766790185546870,-0.6847416748046880,-6.528987927246090,2.8473282442748100,13.557251908396900,-19.564885496183200,-8.066065393066410,-0.9888052856445310,-6.567295153808590,6.877862595419850,8.618320610687020,-40.42748091603050,-14.846444494628900,-0.023942016601562500,-5.834669445800780,-20.412213740458000,-88.9618320610687,-65.12977099236640,-19.31881319580080,-7.1586629638671900,-8.298302954101560,18.244274809160300,-123.1526717557250,152.10687022900800,-1.6208745239257800,-3.4811692138671900,-2.722207287597660,-57.42748091603050,-48.41984732824430,250.12977099236600,-0.7398083129882810,0.7852981445312500,1.668758557128910,-22.46564885496180,3.763358778625950,187.6793893129770,-1.426944189453130,6.672640026855470,2.7581203125,-38.12977099236640,51.778625954198500,47.57251908396950,-2.1930887207031200,8.444349255371090,4.781220715332030,-11.50381679389310,5.862595419847330,-15.129770992366400,-3.289633081054690,7.503428002929690,3.366247534179690,-2.0229007633587800,2.427480916030530,-18.47328244274810,-4.029441394042970,7.256825231933590,2.8203695556640600,4.33587786259542,20.885496183206100,-13.129770992366400,-4.204218115234380,7.577648254394530,2.7437551025390600,-0.2595419847328240,9.106870229007630,-9.419847328244280,-4.170699291992190,7.56567724609375,2.73896669921875,-1.5190839694656500,14.793893129771000,-9.290076335877860
TRUE,-7.668627917480470,-0.699106884765625,-6.41646044921875,-1.251908396946570,17.38167938931300,-10.412213740458000,-7.649474304199220,-0.7876923461914060,-6.002263562011720,-3.572519083969470,16.61832061068700,-12.229007633587800,-7.7979148071289100,-0.8786720092773440,-6.545747338867190,2.122137404580150,14.419847328244300,-16.083969465648900,-8.032546569824220,-0.9552864624023440,-6.361393811035160,8.236641221374050,10.969465648855000,-25.80916030534350,-8.425195642089840,-1.3623007446289100,-6.074089611816410,13.419847328244300,3.931297709923660,-52.74809160305340,-15.057134240722700,-0.028730419921875,-8.010998754882810,-21.099236641221400,-12.580152671755700,-93.90839694656490,-14.290989709472700,-11.880028637695300,-6.7085530517578100,25.72519083969470,-108.70229007633600,198.05343511450400,-2.6623522460937500,-3.0885201416015600,-3.5865140869140600,-64.40458015267180,3.053435114503820,250.12977099236600,-0.7900865478515620,2.849099975585940,0.30885201416015600,-74.50381679389310,5.137404580152670,125.74809160305300,-2.7940333374023400,6.327874987792970,1.5634136840820300,-17.633587786259500,24.755725190839700,14.229007633587800,-3.8666356811523400,7.173028173828130,2.2385785522460900,-14.80916030534350,3.6106870229007600,-15.625954198473300,-4.946420629882810,7.472303381347660,1.8052280517578100,-1.0,14.442748091603100,-20.068702290076300,-5.379771130371090,7.285555651855470,1.13006318359375,4.221374045801530,31.52671755725190,-13.83969465648860,-5.329492895507810,7.149086157226560,1.024718310546880,-0.5648854961832060,16.83969465648860,-10.229007633587800
TRUE,0.46686932373046900,-9.516951599121090,-3.19865341796875,5.755725190839690,6.015267175572520,-13.65648854961830,0.5985504150390630,-9.713276135253910,-2.482787121582030,9.442748091603050,15.412213740458000,-12.793893129771000,0.6560112548828120,-9.744400756835940,-2.0566192260742200,7.7251908396946600,20.793893129771000,-13.534351145038200,0.35673604736328100,-10.716446630859400,-2.9185318237304700,8.061068702290080,15.297709923664100,-5.00763358778626,-6.385335827636720,-15.50724415283200,-12.028469140625000,-17.358778625954200,-54.847328244274800,78.19083969465650,-2.233790148925780,-19.6133,-4.285620971679690,-158.74809160305300,-42.038167938931300,234.94656488549600,1.1013327636718700,-6.351817004394530,-0.28730419921875,-146.9770992366410,39.99236641221370,142.6946564885500,-1.956062756347660,-0.4644751220703130,-2.0877438476562500,-33.83969465648860,-39.541984732824400,41.62595419847330,-6.263231542968750,0.737414111328125,-3.878606689453130,0.9847328244274810,11.358778625954200,-0.03816793893129770,-7.611167077636720,-0.15322890625,-4.395754248046880,-6.374045801526720,25.206106870229000,-7.320610687022900,-8.152256652832030,-0.3280056274414060,-5.161898779296880,9.099236641221370,10.374045801526700,-10.290076335877900,-8.291120349121090,-0.5410895751953120,-5.5641246582031200,-0.2595419847328240,12.091603053435100,-9.625954198473280,-8.322244970703130,-0.584185205078125,-5.090072729492190,-3.9160305343511500,21.435114503816800,-7.709923664122140,-8.207323291015630,-0.4860229370117190,-5.231330627441410,1.1526717557251900,14.045801526717600,-11.030534351145000
TRUE,1.3527239379882800,-9.277531433105470,-4.283226770019530,2.8091603053435100,31.862595419847300,-11.870229007633600,1.4508862060546900,-9.497797985839840,-3.9647979492187500,-1.6030534351145000,58.99236641221370,-11.534351145038200,0.46686932373046900,-11.092336291503900,-5.353434912109380,-4.916030534351150,44.534351145038200,7.480916030534350,-0.51714755859375,-11.125855114746100,-6.423643054199220,-12.488549618320600,46.94656488549620,40.465648854961800,0.40462008056640600,-14.592659118652300,-12.464213842773400,-136.54198473282400,61.274809160305300,76.1526717557252,1.0654197387695300,-12.23915888671880,-8.590395556640620,-250.13740458015300,76.83969465648860,44.37404580152670,0.5770026000976560,-5.195417602539060,-5.516240625,-226.7175572519080,41.48091603053440,-9.564885496183210,0.5578489868164060,0.3327940307617190,-4.632780212402340,-104.45038167938900,-5.763358778625950,-16.244274809160300,-0.6751648681640630,3.2632968627929700,-5.983109948730470,-34.45038167938930,13.572519083969500,-16.72519083969470,-1.5011644409179700,3.754108203125,-8.43956085205078,-0.6183206106870230,34.0763358778626,-10.51908396946570,-1.3431471313476600,3.725377783203130,-10.158597644043000,5.213740458015270,8.86259541984733,-3.6946564885496200,-0.74699091796875,3.6152445068359400,-9.911994873046870,0.5648854961832060,12.664122137404600,-6.305343511450380,-0.8738836059570310,3.574543078613280,-10.17056865234380,0.648854961832061,14.290076335877900,-10.717557251908400,-1.1659762084960900,3.385401147460940,-10.314220751953100,-1.6717557251908400,9.419847328244280,-10.366412213740500
TRUE,-0.373495458984375,-9.4618849609375,-2.7581203125,12.648854961832100,18.297709923664100,-12.664122137404600,-0.5722141967773440,-10.024522351074200,-2.1404162841796900,10.374045801526700,1.2366412213740500,-15.358778625954200,-0.2561795776367190,-11.748347546386700,-1.687912170410160,6.587786259541990,8.320610687022900,6.862595419847330,-8.44674345703125,-15.693991882324200,-3.737348791503910,10.0,-84.98473282442750,88.8854961832061,-5.360617517089840,-17.171214306640600,-4.067748620605470,-66.96946564885500,13.740458015267200,226.0229007633590,-3.9360675292968700,-10.721235034179700,-4.290409375000000,-132.18320610687000,105.81679389313000,234.9236641221370,-1.2306196533203100,-3.0741549316406200,-3.459621398925780,-163.12977099236600,-6.229007633587790,154.08396946564900,-3.134009973144530,3.8091748413085900,0.14125789794921900,-99.33587786259540,42.13740458015270,72.8473282442748,-5.291185668945310,5.748478186035160,-1.7788918334960900,-28.51145038167940,17.129770992366400,-3.7938931297709900,-6.387730029296880,5.372588525390630,-2.114080065917970,-0.46564885496183200,-13.641221374045800,-14.038167938931300,-6.924031201171880,5.980715747070310,-2.4492682983398400,2.816793893129770,21.244274809160300,-13.709923664122100,-7.132326745605470,5.614402893066410,-3.124433166503910,2.0839694656488500,21.35114503816790,-13.244274809160300,-7.302315063476560,5.6215854980468700,-3.0933085449218700,2.3893129770992400,15.610687022900800,-11.206106870229000,-6.885723974609380,5.398924743652340,-3.086125939941410,1.4274809160305300,15.129770992366400,-10.526717557251900
TRUE,0.32082302246093700,-9.64623848876953,-3.0238766967773400,2.1603053435114500,14.82442748091600,-4.442748091603050,0.2442085693359380,-9.267954626464840,-3.737348791503910,12.351145038167900,2.8473282442748100,-8.076335877862600,0.4213794921875,-10.199299072265600,-3.7708676147460900,12.351145038167900,2.435114503816790,-4.366412213740460,-5.839457849121090,-14.66448516845700,-8.647856396484380,1.6946564885496200,-30.267175572519100,111.06106870229000,-6.579266162109370,-16.95573615722660,-9.26316622314453,-119.6412213740460,12.526717557251900,169.86259541984700,-2.243366955566410,-12.358868969726600,-5.102043737792970,-250.13740458015300,108.25190839694700,148.44274809160300,-1.2210428466796900,-6.229712719726560,-5.233724829101560,-246.0,-66.16030534351150,81.55725190839700,-1.7812860351562500,2.3415292236328100,-2.070984436035160,-155.12213740458000,-50.74809160305340,41.152671755725200,-4.0222587890625,6.890512377929690,-0.03591302490234380,-45.25954198473280,12.946564885496200,-17.412213740458000,-5.2265422241210900,6.320692382812500,-1.8004396484375000,-14.396946564885500,12.213740458015300,-17.49618320610690,-5.671863732910160,7.213729602050780,-2.042254016113280,-5.221374045801530,27.374045801526700,-14.50381679389310,-5.722141967773440,6.804321118164060,-2.511517541503910,-0.45038167938931300,17.458015267175600,-13.106870229007600,-5.813121630859370,6.8785413696289100,-2.626439221191410,3.50381679389313,27.83969465648860,-11.86259541984730,-5.9783215454101600,6.8593877563476600,-3.1483751831054700,2.7709923664122100,18.931297709923700,-11.610687022900800
TRUE,0.1149216796875,-9.488221179199220,-5.027823486328130,9.969465648854960,-25.916030534351100,-8.549618320610690,0.05746083984375,-9.181763366699220,-4.096479040527340,14.282442748091600,-29.541984732824400,-13.488549618320600,0.0430956298828125,-10.321403356933600,-3.385401147460940,15.091603053435100,-42.63358778625950,-15.48091603053440,-5.516240625,-12.282254516601600,-4.75009609375,-142.29770992366400,192.82442748091600,46.83206106870230,-1.9967641845703100,-15.313313818359400,-18.96925975341800,-250.13740458015300,-76.53435114503820,102.54198473282400,0.97683427734375,-8.959102612304690,-8.621520178222660,-250.13740458015300,-241.34351145038200,128.01526717557300,-2.0087351928710900,-0.3064578125,-1.8148048583984400,-197.6793893129770,-92.52671755725190,106.69465648855000,-1.3934253662109400,3.768473413085940,2.8036101440429700,-83.50381679389310,22.297709923664100,65.2442748091603,-3.2609026611328100,6.45476767578125,2.0877438476562500,-33.221374045801500,22.396946564885500,17.396946564885500,-3.763685009765630,7.541735229492190,1.618480322265630,-10.83969465648860,24.557251908396900,-0.7862595419847330,-4.211400720214840,8.13310303955078,1.2808978881835900,2.312977099236640,21.229007633587800,-12.34351145038170,-4.369418029785160,8.17859287109375,0.8571241943359380,1.0229007633587800,28.0381679389313,-11.595419847328200,-4.410119458007810,8.099584216308590,1.1133037719726600,-2.7557251908396900,14.717557251908400,-9.67175572519084,-4.563348364257810,8.027758166503910,0.6823474731445310,0.2748091603053440,22.17557251908400,-11.290076335877900
TRUE,0.229843359375,-9.418789331054690,-4.541800549316410,1.9694656488549600,18.587786259542000,-14.961832061068700,0.36631285400390600,-9.624690673828130,-4.034229797363280,6.786259541984730,8.465648854961830,-10.687022900763400,0.718260498046875,-9.880870251464840,-4.007893579101560,-0.6183206106870230,21.580152671755700,-5.297709923664120,-4.651933825683590,-12.835315100097700,-12.521674682617200,-112.61068702290100,54.66412213740460,75.7175572519084,-5.0182466796875,-15.56470499267580,-14.391546179199200,-245.64885496183200,-55.88549618320610,142.77862595419800,-0.5410895751953120,-12.090718383789100,-9.244012609863280,-250.13740458015300,-65.1145038167939,141.61068702290100,-1.0749965454101600,-1.7621324218750000,-4.3813890380859400,-204.32824427480900,-76.38931297709920,46.14503816793890,-2.375048046875,5.662286926269530,0.4955997436523440,-93.41221374045800,18.641221374045800,18.72519083969470,-3.4739866088867200,6.912060192871090,-1.0606313354492200,-28.15267175572520,35.56488549618320,0.0,-4.357447021484380,7.560888842773440,-2.2098481323242200,-6.343511450381680,11.977099236641200,-13.122137404580200,-4.65432802734375,7.8170684204101600,-2.7437551025390600,-0.7022900763358780,26.198473282442700,-12.114503816793900,-4.9416322265625,7.9655089233398400,-2.5737667846679700,-3.3053435114503800,12.374045801526700,-9.618320610687020,-5.030217687988280,7.685387329101560,-2.748543505859380,-2.5419847328244300,21.396946564885500,-9.374045801526720,-4.88417138671875,7.675810522460940,-2.370259643554690,0.16030534351145000,19.16030534351150,-8.213740458015270
TRUE,0.9911994873046870,-9.404424121093750,-5.023035083007810,13.86259541984730,-32.404580152671800,-2.6259541984732800,0.7445967163085940,-8.911218579101560,-4.817133740234370,23.51145038167940,-9.534351145038170,-17.61832061068700,0.3711012573242190,-10.237606298828100,-3.706224169921880,9.580152671755730,11.16793893129770,-12.076335877862600,0.2609679809570310,-10.194510668945300,-4.237736938476560,-30.213740458015300,26.99236641221370,11.679389312977100,-5.877765075683590,-14.073117358398400,-13.053187451171900,-87.74809160305340,112.13740458015300,103.94656488549600,0.16759411621093700,-18.255787658691400,-12.375628381347700,-250.13740458015300,-71.58015267175570,81.19847328244280,1.2785036865234400,-11.999738720703100,-6.167463476562500,-250.13740458015300,-121.3206106870230,140.8320610687020,-1.1372457885742200,-0.22505495605468700,-1.3120225097656200,-190.16030534351100,-51.717557251908400,95.16030534351150,-2.6527754394531200,6.399701037597660,0.2059013427734380,-94.6793893129771,7.793893129770990,28.229007633587800,-2.8754361938476600,7.587225061035160,1.0845733520507800,-39.091603053435100,9.091603053435120,27.053435114503800,-2.2840683837890600,9.220070593261720,0.5506663818359370,-17.221374045801500,18.435114503816800,11.770992366412200,-2.0877438476562500,9.533711010742190,0.7254431030273440,-1.8778625954198500,30.80916030534350,-11.51908396946570,-2.3319524169921900,9.114725720214840,0.00718260498046875,-2.2442748091603100,9.15267175572519,-9.595419847328250,-2.3439234252929700,9.145850341796880,0.02633621826171880,-2.3587786259542000,22.48854961832060,-12.709923664122100
TRUE,-2.511517541503910,-9.662997900390630,-1.6352397338867200,-11.442748091603100,19.30534351145040,-9.977099236641220,-13.589488623046900,-18.224663037109400,-5.549759448242190,-83.79389312977100,72.0381679389313,180.54198473282400,-4.438849877929690,-15.148113903808600,-7.517793212890620,-171.73282442748100,-18.27480916030530,250.12977099236600,-0.03591302490234380,-4.410119458007810,-2.3535002319335900,-151.0,-89.94656488549620,160.14503816793900,-2.6719290527343700,2.789244934082030,2.578555187988280,-53.19083969465650,20.72519083969470,52.916030534351100,-6.335057592773440,3.8091748413085900,-0.13407529296875000,-14.49618320610690,33.19847328244280,8.938931297709920,-7.740453967285160,3.8043864379882800,-1.6448165405273400,3.213740458015270,5.259541984732830,-8.045801526717560,-8.075642199707030,3.900154504394530,-1.7477672119140600,-4.816793893129770,22.198473282442700,-4.755725190839690,-7.915230688476560,4.027047192382810,-1.6065093139648400,-0.10687022900763400,18.206106870229000,-10.022900763358800,-8.09479581298828,3.9743747558593700,-1.9919757812500000,-0.8854961832061070,16.885496183206100,-16.603053435114500,-8.204929089355470,4.082113830566410,-1.5203180541992200,-1.2213740458015300,11.51908396946570,-15.534351145038200,-8.573636145019530,3.746925598144530,-1.668758557128910,-0.48854961832061100,24.221374045801500,-13.793893129771000,-8.054094384765630,3.450044592285160,-1.429338391113280,1.2213740458015300,23.38167938931300,-18.48854961832060,-7.4411787597656200,3.21780703125,-1.3958195678710900,5.190839694656490,21.908396946564900,-28.427480916030500
TRUE,-1.0127473022460900,-9.533711010742190,-3.430890979003910,5.778625954198470,17.755725190839700,-9.114503816793890,-1.0462661254882800,-9.533711010742190,-3.5482068603515600,5.748091603053440,7.519083969465650,-12.13740458015270,-1.4149731811523400,-11.920730065918000,-3.861847277832030,24.83969465648860,-0.5038167938931300,24.916030534351100,-14.61420693359380,-19.6133,-6.586448767089840,-36.656488549618300,-52.33587786259540,210.32824427480900,-1.9129671264648400,-19.6133,-6.871358764648440,-208.34351145038200,37.06870229007630,250.12977099236600,0.7422025146484380,-5.88015927734375,-2.6575638427734400,-182.1908396946570,-100.07633587786300,157.95419847328200,-0.2657563842773440,4.067748620605470,1.7238251953125,-69.29770992366410,8.419847328244280,60.770992366412200,-4.560954162597660,5.7125651611328100,-0.105344873046875,-22.931297709923700,-8.648854961832060,-2.099236641221370,-6.715735656738280,6.58884296875,-0.9145850341796870,-6.511450381679390,20.17557251908400,-12.396946564885500,-6.636727001953120,6.306327172851560,-0.6440402465820310,-5.320610687022900,20.64885496183210,-9.618320610687020,-6.797138513183590,6.119579443359380,-1.0103531005859400,-3.450381679389310,14.885496183206100,-10.511450381679400,-6.947973217773440,6.203376501464840,-0.9074024291992190,4.122137404580150,26.893129770992400,-12.633587786259500,-7.168239770507810,6.093243225097660,-0.9193734375,-1.786259541984730,16.129770992366400,-5.893129770992370,-6.962338427734380,6.129156250000000,-1.4125789794921900,1.7938931297709900,14.80916030534350,-9.717557251908400
TRUE,-9.200916979980470,-6.095637426757810,-4.355052819824220,-47.56488549618320,9.740458015267180,-81.41221374045800,-19.6133,-19.6133,-12.555193505859400,66.53435114503820,-170.42748091603100,40.37404580152670,1.0390835205078100,-8.968679418945310,-6.0908490234375000,-49.63358778625950,111.52671755725200,250.12977099236600,4.515464331054690,-0.70868369140625,2.9185318237304700,-51.87022900763360,5.908396946564890,209.32824427480900,-3.208230224609380,6.885723974609380,-0.3064578125,-39.61832061068700,37.778625954198500,-7.022900763358780,-5.568913061523440,5.961562133789060,-0.6200982299804690,41.099236641221400,2.0,-36.18320610687020,-6.548141540527340,6.246472131347660,0.0383072265625,-0.3893129770992370,11.80916030534350,-13.183206106870200,-6.512228515625,6.066907006835940,-0.239420166015625,-4.198473282442750,29.801526717557300,-3.5114503816793900,-6.830657336425780,6.3709706176757800,-1.5083470458984400,9.053435114503820,20.374045801526700,-10.82442748091600,-6.478709692382810,6.315903979492190,-0.4525041137695310,1.8549618320610700,18.732824427480900,-10.145038167938900,-6.605602380371090,6.519411120605470,-0.6416460449218750,2.7404580152671800,17.297709923664100,-12.435114503816800,-6.53138212890625,6.289567761230470,-0.9313444458007810,2.786259541984730,27.427480916030500,-16.229007633587800,-5.999869360351560,6.102820031738280,-0.258573779296875,5.259541984732830,9.786259541984730,-26.297709923664100,-6.191405493164060,5.679046337890620,-0.6512228515625000,2.9236641221374000,8.50381679389313,-44.36641221374050
TRUE,-6.9168485961914100,-6.284779357910160,-2.7940333374023400,0.366412213740458,8.381679389312980,-19.427480916030500,-6.452373474121090,-6.129156250000000,-2.683900061035160,-11.916030534351100,-3.5572519083969500,-41.0,-7.089231115722660,-7.031770275878910,-2.7629087158203100,-21.96946564885500,-23.099236641221400,-59.48854961832060,-19.6133,-13.40034669189450,-0.38786066894531200,-44.274809160305300,-56.32824427480920,-11.251908396946600,-6.246472131347660,-13.436259716796900,-5.829881042480470,36.88549618320610,49.57251908396950,250.12977099236600,-1.1947066284179700,-2.6503812377929700,-4.220977526855470,-40.099236641221400,-20.38167938931300,165.4732824427480,-2.379836450195310,1.2473790649414100,1.3407529296875000,12.320610687022900,-38.56488549618320,42.64885496183210,-7.146691955566410,2.4109610717773400,0.4908113403320310,19.778625954198500,-2.7099236641221400,-35.969465648855000,-8.068459594726560,1.8171990600585900,1.6424223388671900,6.625954198473280,24.33587786259540,-21.740458015267200,-8.781931689453120,1.8555062866210900,1.8818425048828100,-2.9618320610687000,17.18320610687020,-23.31297709923660,-8.588001354980470,1.5586252807617200,1.3431471313476600,-2.66412213740458,17.717557251908400,-8.717557251908400,-8.781931689453120,1.484405029296880,1.4173673828125,0.10687022900763400,14.969465648855000,-8.099236641221370,-8.875305554199220,1.6304513305664100,0.9864110839843750,-1.9465648854961800,14.725190839694700,-12.641221374045800,-8.947131604003910,1.3407529296875000,1.3096283081054700,-2.450381679389310,13.50381679389310,-10.740458015267200
TRUE,-6.272808349609380,-6.758831286621090,-3.4548329956054700,-5.5038167938931300,3.2442748091603100,-22.740458015267200,-5.9783215454101600,-6.967126831054690,-3.0693665283203100,-12.877862595419800,-5.908396946564890,-35.74045801526720,-7.747636572265620,-6.5960255737304700,-3.775656018066410,-28.64885496183210,-22.763358778626000,-48.80152671755730,-15.689203479003900,-15.157690710449200,-0.3806780639648440,-1.0687022900763400,-60.099236641221400,76.00763358778630,-3.1268273681640600,-14.283807104492200,-6.9360022094726600,-33.603053435114500,83.20610687022900,250.12977099236600,2.2266075439453100,-1.9776105712890600,-1.429338391113280,-14.938931297709900,-107.7557251908400,171.0,-4.060566015625,2.2457611572265600,-0.011971008300781200,9.145038167938930,-21.671755725190800,-12.282442748091600,-8.394071020507810,2.863465185546880,0.4644751220703130,8.259541984732820,0.5648854961832060,-36.83206106870230,-9.114725720214840,1.8914193115234400,-0.1292868896484380,-3.053435114503820,16.0381679389313,-17.35114503816790,-8.978256225585940,1.8507178833007800,1.1420341918945300,-3.1374045801526700,13.442748091603100,-17.106870229007600,-9.083601098632810,1.4724340209960900,0.40222587890625,0.9618320610687020,14.236641221374000,-16.916030534351100,-8.920795385742190,1.4867992309570300,0.5315127685546870,-1.618320610687020,19.46564885496180,-11.679389312977100,-8.75320126953125,1.5394716674804700,0.41898529052734400,-0.6793893129770990,15.648854961832100,-9.030534351145040,-8.98304462890625,1.6160861206054700,0.34715924072265600,-1.6412213740458000,14.595419847328200,-12.694656488549600